commit,dirty,commit_date,run_date,hostname,cpu_model,gpu_model,julia_version,backend,threads,function,fine_size,ratio,eltype,median_s,allocs,throughput_GBps
562fb67632441b6a0be5017ad86b36e8b2036fbc,false,2026-09-17T10:40:10+02:00,2026-09-17T10:40:30.538,iceshelf.fis.ucm.es,Intel(R) Xeon(R) W-2245 CPU @ 3.90GHz,,1.12.6,cpu,1,DyadicGrid,256,0,Float32,1.7100000000000002e-5,48.0,0.119766081871345
562fb67632441b6a0be5017ad86b36e8b2036fbc,false,2026-09-17T10:40:10+02:00,2026-09-17T10:40:30.538,iceshelf.fis.ucm.es,Intel(R) Xeon(R) W-2245 CPU @ 3.90GHz,,1.12.6,cpu,1,DyadicGrid,256,0,Float64,1.7225000000000002e-5,50.0,0.23779390420899854
562fb67632441b6a0be5017ad86b36e8b2036fbc,false,2026-09-17T10:40:10+02:00,2026-09-17T10:40:30.538,iceshelf.fis.ucm.es,Intel(R) Xeon(R) W-2245 CPU @ 3.90GHz,,1.12.6,cpu,1,DyadicGrid,1024,0,Float32,5.6691e-5,52.0,0.1445026547423753
562fb67632441b6a0be5017ad86b36e8b2036fbc,false,2026-09-17T10:40:10+02:00,2026-09-17T10:40:30.538,iceshelf.fis.ucm.es,Intel(R) Xeon(R) W-2245 CPU @ 3.90GHz,,1.12.6,cpu,1,DyadicGrid,1024,0,Float64,5.7584e-5,52.0,0.28452347874409556
562fb67632441b6a0be5017ad86b36e8b2036fbc,false,2026-09-17T10:40:10+02:00,2026-09-17T10:40:30.538,iceshelf.fis.ucm.es,Intel(R) Xeon(R) W-2245 CPU @ 3.90GHz,,1.12.6,cpu,1,DyadicGrid,4096,0,Float32,0.000218307,52.0,0.15010054647812485
562fb67632441b6a0be5017ad86b36e8b2036fbc,false,2026-09-17T10:40:10+02:00,2026-09-17T10:40:30.538,iceshelf.fis.ucm.es,Intel(R) Xeon(R) W-2245 CPU @ 3.90GHz,,1.12.6,cpu,1,DyadicGrid,4096,0,Float64,0.00022150000000000002,52.0,0.2958735891647855
562fb67632441b6a0be5017ad86b36e8b2036fbc,false,2026-09-17T10:40:10+02:00,2026-09-17T10:40:30.538,iceshelf.fis.ucm.es,Intel(R) Xeon(R) W-2245 CPU @ 3.90GHz,,1.12.6,cpu,1,regrid!(IdentityRegridding),256,1,Float32,6.224e-6,0.0,84.23650385604114
562fb67632441b6a0be5017ad86b36e8b2036fbc,false,2026-09-17T10:40:10+02:00,2026-09-17T10:40:30.538,iceshelf.fis.ucm.es,Intel(R) Xeon(R) W-2245 CPU @ 3.90GHz,,1.12.6,cpu,1,regrid!(IdentityRegridding),256,1,Float64,1.7635e-5,0.0,59.4599376240431
562fb67632441b6a0be5017ad86b36e8b2036fbc,false,2026-09-17T10:40:10+02:00,2026-09-17T10:40:30.538,iceshelf.fis.ucm.es,Intel(R) Xeon(R) W-2245 CPU @ 3.90GHz,,1.12.6,cpu,1,regrid!(IdentityRegridding),1024,1,Float32,0.000207411,0.0,40.444373731383585
562fb67632441b6a0be5017ad86b36e8b2036fbc,false,2026-09-17T10:40:10+02:00,2026-09-17T10:40:30.538,iceshelf.fis.ucm.es,Intel(R) Xeon(R) W-2245 CPU @ 3.90GHz,,1.12.6,cpu,1,regrid!(IdentityRegridding),1024,1,Float64,0.000618936,0.0,27.10654413380382
562fb67632441b6a0be5017ad86b36e8b2036fbc,false,2026-09-17T10:40:10+02:00,2026-09-17T10:40:30.538,iceshelf.fis.ucm.es,Intel(R) Xeon(R) W-2245 CPU @ 3.90GHz,,1.12.6,cpu,1,regrid!(IdentityRegridding),4096,1,Float32,0.006380157,0.0,21.036743766650257
562fb67632441b6a0be5017ad86b36e8b2036fbc,false,2026-09-17T10:40:10+02:00,2026-09-17T10:40:30.538,iceshelf.fis.ucm.es,Intel(R) Xeon(R) W-2245 CPU @ 3.90GHz,,1.12.6,cpu,1,regrid!(IdentityRegridding),4096,1,Float64,0.013274483,0.0,20.221914179256547
562fb67632441b6a0be5017ad86b36e8b2036fbc,false,2026-09-17T10:40:10+02:00,2026-09-17T10:40:30.538,iceshelf.fis.ucm.es,Intel(R) Xeon(R) W-2245 CPU @ 3.90GHz,,1.12.6,cpu,1,regrid!(AverageCoarsening),256,2,Float32,4.5278e-6,3.0,72.37068775122576
562fb67632441b6a0be5017ad86b36e8b2036fbc,false,2026-09-17T10:40:10+02:00,2026-09-17T10:40:30.538,iceshelf.fis.ucm.es,Intel(R) Xeon(R) W-2245 CPU @ 3.90GHz,,1.12.6,cpu,1,regrid!(AverageCoarsening),256,2,Float64,1.0533e-5,3.0,62.219690496534696
562fb67632441b6a0be5017ad86b36e8b2036fbc,false,2026-09-17T10:40:10+02:00,2026-09-17T10:40:30.538,iceshelf.fis.ucm.es,Intel(R) Xeon(R) W-2245 CPU @ 3.90GHz,,1.12.6,cpu,1,regrid!(AverageCoarsening),256,4,Float32,4.385e-6,3.0,63.518358038768525
562fb67632441b6a0be5017ad86b36e8b2036fbc,false,2026-09-17T10:40:10+02:00,2026-09-17T10:40:30.538,iceshelf.fis.ucm.es,Intel(R) Xeon(R) W-2245 CPU @ 3.90GHz,,1.12.6,cpu,1,regrid!(AverageCoarsening),256,4,Float64,9.3315e-6,3.0,59.69629748700637
562fb67632441b6a0be5017ad86b36e8b2036fbc,false,2026-09-17T10:40:10+02:00,2026-09-17T10:40:30.538,iceshelf.fis.ucm.es,Intel(R) Xeon(R) W-2245 CPU @ 3.90GHz,,1.12.6,cpu,1,regrid!(AverageCoarsening),1024,2,Float32,0.000123162,3.0,42.56897419658661
562fb67632441b6a0be5017ad86b36e8b2036fbc,false,2026-09-17T10:40:10+02:00,2026-09-17T10:40:30.538,iceshelf.fis.ucm.es,Intel(R) Xeon(R) W-2245 CPU @ 3.90GHz,,1.12.6,cpu,1,regrid!(AverageCoarsening),1024,2,Float64,0.00038198,3.0,27.451070736687782
562fb67632441b6a0be5017ad86b36e8b2036fbc,false,2026-09-17T10:40:10+02:00,2026-09-17T10:40:30.538,iceshelf.fis.ucm.es,Intel(R) Xeon(R) W-2245 CPU @ 3.90GHz,,1.12.6,cpu,1,regrid!(AverageCoarsening),1024,4,Float32,0.000141046,3.0,31.595706365299264
562fb67632441b6a0be5017ad86b36e8b2036fbc,false,2026-09-17T10:40:10+02:00,2026-09-17T10:40:30.538,iceshelf.fis.ucm.es,Intel(R) Xeon(R) W-2245 CPU @ 3.90GHz,,1.12.6,cpu,1,regrid!(AverageCoarsening),1024,4,Float64,0.0002979635,3.0,29.912710785045817
562fb67632441b6a0be5017ad86b36e8b2036fbc,false,2026-09-17T10:40:10+02:00,2026-09-17T10:40:30.538,iceshelf.fis.ucm.es,Intel(R) Xeon(R) W-2245 CPU @ 3.90GHz,,1.12.6,cpu,1,regrid!(AverageCoarsening),4096,2,Float32,0.005681356,3.0,14.765151136454042
562fb67632441b6a0be5017ad86b36e8b2036fbc,false,2026-09-17T10:40:10+02:00,2026-09-17T10:40:30.538,iceshelf.fis.ucm.es,Intel(R) Xeon(R) W-2245 CPU @ 3.90GHz,,1.12.6,cpu,1,regrid!(AverageCoarsening),4096,2,Float64,0.011520147000000001,3.0,14.563369720889845
562fb67632441b6a0be5017ad86b36e8b2036fbc,false,2026-09-17T10:40:10+02:00,2026-09-17T10:40:30.538,iceshelf.fis.ucm.es,Intel(R) Xeon(R) W-2245 CPU @ 3.90GHz,,1.12.6,cpu,1,regrid!(AverageCoarsening),4096,4,Float32,0.0047100350000000004,3.0,15.138564363109827
562fb67632441b6a0be5017ad86b36e8b2036fbc,false,2026-09-17T10:40:10+02:00,2026-09-17T10:40:30.538,iceshelf.fis.ucm.es,Intel(R) Xeon(R) W-2245 CPU @ 3.90GHz,,1.12.6,cpu,1,regrid!(AverageCoarsening),4096,4,Float64,0.0098297165,3.0,14.50767537395407
562fb67632441b6a0be5017ad86b36e8b2036fbc,false,2026-09-17T10:40:10+02:00,2026-09-17T10:40:30.538,iceshelf.fis.ucm.es,Intel(R) Xeon(R) W-2245 CPU @ 3.90GHz,,1.12.6,cpu,1,regrid!(AverageCoarsening) weighted,256,2,Float32,2.4975e-5,3.0,13.120320320320321
562fb67632441b6a0be5017ad86b36e8b2036fbc,false,2026-09-17T10:40:10+02:00,2026-09-17T10:40:30.538,iceshelf.fis.ucm.es,Intel(R) Xeon(R) W-2245 CPU @ 3.90GHz,,1.12.6,cpu,1,regrid!(AverageCoarsening) weighted,256,2,Float64,3.43365e-5,3.0,19.086394944155636
562fb67632441b6a0be5017ad86b36e8b2036fbc,false,2026-09-17T10:40:10+02:00,2026-09-17T10:40:30.538,iceshelf.fis.ucm.es,Intel(R) Xeon(R) W-2245 CPU @ 3.90GHz,,1.12.6,cpu,1,regrid!(AverageCoarsening) weighted,256,4,Float32,5.0682e-5,3.0,5.495600015784697
562fb67632441b6a0be5017ad86b36e8b2036fbc,false,2026-09-17T10:40:10+02:00,2026-09-17T10:40:30.538,iceshelf.fis.ucm.es,Intel(R) Xeon(R) W-2245 CPU @ 3.90GHz,,1.12.6,cpu,1,regrid!(AverageCoarsening) weighted,256,4,Float64,2.2678000000000002e-5,3.0,24.56371814092953
562fb67632441b6a0be5017ad86b36e8b2036fbc,false,2026-09-17T10:40:10+02:00,2026-09-17T10:40:30.538,iceshelf.fis.ucm.es,Intel(R) Xeon(R) W-2245 CPU @ 3.90GHz,,1.12.6,cpu,1,regrid!(AverageCoarsening) weighted,1024,2,Float32,0.00067559,3.0,7.76044642460664
562fb67632441b6a0be5017ad86b36e8b2036fbc,false,2026-09-17T10:40:10+02:00,2026-09-17T10:40:30.538,iceshelf.fis.ucm.es,Intel(R) Xeon(R) W-2245 CPU @ 3.90GHz,,1.12.6,cpu,1,regrid!(AverageCoarsening) weighted,1024,2,Float64,0.000979873,3.0,10.70114188267255
562fb67632441b6a0be5017ad86b36e8b2036fbc,false,2026-09-17T10:40:10+02:00,2026-09-17T10:40:30.538,iceshelf.fis.ucm.es,Intel(R) Xeon(R) W-2245 CPU @ 3.90GHz,,1.12.6,cpu,1,regrid!(AverageCoarsening) weighted,1024,4,Float32,0.0008818025000000001,3.0,5.053793791693718
562fb67632441b6a0be5017ad86b36e8b2036fbc,false,2026-09-17T10:40:10+02:00,2026-09-17T10:40:30.538,iceshelf.fis.ucm.es,Intel(R) Xeon(R) W-2245 CPU @ 3.90GHz,,1.12.6,cpu,1,regrid!(AverageCoarsening) weighted,1024,4,Float64,0.0007617730000000001,3.0,11.700199403234295
562fb67632441b6a0be5017ad86b36e8b2036fbc,false,2026-09-17T10:40:10+02:00,2026-09-17T10:40:30.538,iceshelf.fis.ucm.es,Intel(R) Xeon(R) W-2245 CPU @ 3.90GHz,,1.12.6,cpu,1,regrid!(AverageCoarsening) weighted,4096,2,Float32,0.017282232,3.0,4.853891557525671
562fb67632441b6a0be5017ad86b36e8b2036fbc,false,2026-09-17T10:40:10+02:00,2026-09-17T10:40:30.538,iceshelf.fis.ucm.es,Intel(R) Xeon(R) W-2245 CPU @ 3.90GHz,,1.12.6,cpu,1,regrid!(AverageCoarsening) weighted,4096,2,Float64,0.023009208500000003,3.0,7.2915224354631745
562fb67632441b6a0be5017ad86b36e8b2036fbc,false,2026-09-17T10:40:10+02:00,2026-09-17T10:40:30.538,iceshelf.fis.ucm.es,Intel(R) Xeon(R) W-2245 CPU @ 3.90GHz,,1.12.6,cpu,1,regrid!(AverageCoarsening) weighted,4096,4,Float32,0.017332788000000002,3.0,4.113773733342841
562fb67632441b6a0be5017ad86b36e8b2036fbc,false,2026-09-17T10:40:10+02:00,2026-09-17T10:40:30.538,iceshelf.fis.ucm.es,Intel(R) Xeon(R) W-2245 CPU @ 3.90GHz,,1.12.6,cpu,1,regrid!(AverageCoarsening) weighted,4096,4,Float64,0.019787019000000003,3.0,7.207065197642959
562fb67632441b6a0be5017ad86b36e8b2036fbc,false,2026-09-17T10:40:10+02:00,2026-09-17T10:40:30.538,iceshelf.fis.ucm.es,Intel(R) Xeon(R) W-2245 CPU @ 3.90GHz,,1.12.6,cpu,1,regrid!(ConstantRefinement),256,2,Float32,2.4537000000000002e-5,3.0,13.354525818152178
562fb67632441b6a0be5017ad86b36e8b2036fbc,false,2026-09-17T10:40:10+02:00,2026-09-17T10:40:30.538,iceshelf.fis.ucm.es,Intel(R) Xeon(R) W-2245 CPU @ 3.90GHz,,1.12.6,cpu,1,regrid!(ConstantRefinement),256,2,Float64,2.6551e-5,3.0,24.683062784829197
562fb67632441b6a0be5017ad86b36e8b2036fbc,false,2026-09-17T10:40:10+02:00,2026-09-17T10:40:30.538,iceshelf.fis.ucm.es,Intel(R) Xeon(R) W-2245 CPU @ 3.90GHz,,1.12.6,cpu,1,regrid!(ConstantRefinement),256,4,Float32,8.019666666666667e-6,3.0,34.73062055779542
562fb67632441b6a0be5017ad86b36e8b2036fbc,false,2026-09-17T10:40:10+02:00,2026-09-17T10:40:30.538,iceshelf.fis.ucm.es,Intel(R) Xeon(R) W-2245 CPU @ 3.90GHz,,1.12.6,cpu,1,regrid!(ConstantRefinement),256,4,Float64,1.2560500000000001e-5,3.0,44.349826838103574
562fb67632441b6a0be5017ad86b36e8b2036fbc,false,2026-09-17T10:40:10+02:00,2026-09-17T10:40:30.538,iceshelf.fis.ucm.es,Intel(R) Xeon(R) W-2245 CPU @ 3.90GHz,,1.12.6,cpu,1,regrid!(ConstantRefinement),1024,2,Float32,0.00043498200000000004,3.0,12.053096449968045
562fb67632441b6a0be5017ad86b36e8b2036fbc,false,2026-09-17T10:40:10+02:00,2026-09-17T10:40:30.538,iceshelf.fis.ucm.es,Intel(R) Xeon(R) W-2245 CPU @ 3.90GHz,,1.12.6,cpu,1,regrid!(ConstantRefinement),1024,2,Float64,0.000559694,3.0,18.734808663305305
562fb67632441b6a0be5017ad86b36e8b2036fbc,false,2026-09-17T10:40:10+02:00,2026-09-17T10:40:30.538,iceshelf.fis.ucm.es,Intel(R) Xeon(R) W-2245 CPU @ 3.90GHz,,1.12.6,cpu,1,regrid!(ConstantRefinement),1024,4,Float32,0.00022416550000000003,3.0,19.880168893072305
562fb67632441b6a0be5017ad86b36e8b2036fbc,false,2026-09-17T10:40:10+02:00,2026-09-17T10:40:30.538,iceshelf.fis.ucm.es,Intel(R) Xeon(R) W-2245 CPU @ 3.90GHz,,1.12.6,cpu,1,regrid!(ConstantRefinement),1024,4,Float64,0.00040892500000000003,3.0,21.79591856697438
562fb67632441b6a0be5017ad86b36e8b2036fbc,false,2026-09-17T10:40:10+02:00,2026-09-17T10:40:30.538,iceshelf.fis.ucm.es,Intel(R) Xeon(R) W-2245 CPU @ 3.90GHz,,1.12.6,cpu,1,regrid!(ConstantRefinement),4096,2,Float32,0.007643389,3.0,10.974985049171252
562fb67632441b6a0be5017ad86b36e8b2036fbc,false,2026-09-17T10:40:10+02:00,2026-09-17T10:40:30.538,iceshelf.fis.ucm.es,Intel(R) Xeon(R) W-2245 CPU @ 3.90GHz,,1.12.6,cpu,1,regrid!(ConstantRefinement),4096,2,Float64,0.01259738,3.0,13.318020096242234
562fb67632441b6a0be5017ad86b36e8b2036fbc,false,2026-09-17T10:40:10+02:00,2026-09-17T10:40:30.538,iceshelf.fis.ucm.es,Intel(R) Xeon(R) W-2245 CPU @ 3.90GHz,,1.12.6,cpu,1,regrid!(ConstantRefinement),4096,4,Float32,0.0054827045,3.0,13.005108701371741
562fb67632441b6a0be5017ad86b36e8b2036fbc,false,2026-09-17T10:40:10+02:00,2026-09-17T10:40:30.538,iceshelf.fis.ucm.es,Intel(R) Xeon(R) W-2245 CPU @ 3.90GHz,,1.12.6,cpu,1,regrid!(ConstantRefinement),4096,4,Float64,0.010113422,3.0,14.100700633277242
562fb67632441b6a0be5017ad86b36e8b2036fbc,false,2026-09-17T10:40:10+02:00,2026-09-17T10:40:30.538,iceshelf.fis.ucm.es,Intel(R) Xeon(R) W-2245 CPU @ 3.90GHz,,1.12.6,cpu,1,regrid!(LinearRefinement),256,2,Float32,7.3335e-5,3.0,4.468262084952615
562fb67632441b6a0be5017ad86b36e8b2036fbc,false,2026-09-17T10:40:10+02:00,2026-09-17T10:40:30.538,iceshelf.fis.ucm.es,Intel(R) Xeon(R) W-2245 CPU @ 3.90GHz,,1.12.6,cpu,1,regrid!(LinearRefinement),256,2,Float64,7.545300000000001e-5,3.0,8.685671875207081
562fb67632441b6a0be5017ad86b36e8b2036fbc,false,2026-09-17T10:40:10+02:00,2026-09-17T10:40:30.538,iceshelf.fis.ucm.es,Intel(R) Xeon(R) W-2245 CPU @ 3.90GHz,,1.12.6,cpu,1,regrid!(LinearRefinement),256,4,Float32,2.4416e-5,3.0,11.407601572739187
562fb67632441b6a0be5017ad86b36e8b2036fbc,false,2026-09-17T10:40:10+02:00,2026-09-17T10:40:30.538,iceshelf.fis.ucm.es,Intel(R) Xeon(R) W-2245 CPU @ 3.90GHz,,1.12.6,cpu,1,regrid!(LinearRefinement),256,4,Float64,2.5716000000000002e-5,3.0,21.66184476590449
562fb67632441b6a0be5017ad86b36e8b2036fbc,false,2026-09-17T10:40:10+02:00,2026-09-17T10:40:30.538,iceshelf.fis.ucm.es,Intel(R) Xeon(R) W-2245 CPU @ 3.90GHz,,1.12.6,cpu,1,regrid!(LinearRefinement),1024,2,Float32,0.0011588190000000002,3.0,4.524330374286234
562fb67632441b6a0be5017ad86b36e8b2036fbc,false,2026-09-17T10:40:10+02:00,2026-09-17T10:40:30.538,iceshelf.fis.ucm.es,Intel(R) Xeon(R) W-2245 CPU @ 3.90GHz,,1.12.6,cpu,1,regrid!(LinearRefinement),1024,2,Float64,0.0012005800000000001,3.0,8.733911942561095
562fb67632441b6a0be5017ad86b36e8b2036fbc,false,2026-09-17T10:40:10+02:00,2026-09-17T10:40:30.538,iceshelf.fis.ucm.es,Intel(R) Xeon(R) W-2245 CPU @ 3.90GHz,,1.12.6,cpu,1,regrid!(LinearRefinement),1024,4,Float32,0.0003745835,3.0,11.897075017986642
562fb67632441b6a0be5017ad86b36e8b2036fbc,false,2026-09-17T10:40:10+02:00,2026-09-17T10:40:30.538,iceshelf.fis.ucm.es,Intel(R) Xeon(R) W-2245 CPU @ 3.90GHz,,1.12.6,cpu,1,regrid!(LinearRefinement),1024,4,Float64,0.00043743300000000004,3.0,20.375454069537508
562fb67632441b6a0be5017ad86b36e8b2036fbc,false,2026-09-17T10:40:10+02:00,2026-09-17T10:40:30.538,iceshelf.fis.ucm.es,Intel(R) Xeon(R) W-2245 CPU @ 3.90GHz,,1.12.6,cpu,1,regrid!(LinearRefinement),4096,2,Float32,0.018661544500000002,3.0,4.495130614724842
562fb67632441b6a0be5017ad86b36e8b2036fbc,false,2026-09-17T10:40:10+02:00,2026-09-17T10:40:30.538,iceshelf.fis.ucm.es,Intel(R) Xeon(R) W-2245 CPU @ 3.90GHz,,1.12.6,cpu,1,regrid!(LinearRefinement),4096,2,Float64,0.019489561000000002,3.0,8.608308827479489
562fb67632441b6a0be5017ad86b36e8b2036fbc,false,2026-09-17T10:40:10+02:00,2026-09-17T10:40:30.538,iceshelf.fis.ucm.es,Intel(R) Xeon(R) W-2245 CPU @ 3.90GHz,,1.12.6,cpu,1,regrid!(LinearRefinement),4096,4,Float32,0.006497864000000001,3.0,10.973324156984509
562fb67632441b6a0be5017ad86b36e8b2036fbc,false,2026-09-17T10:40:10+02:00,2026-09-17T10:40:30.538,iceshelf.fis.ucm.es,Intel(R) Xeon(R) W-2245 CPU @ 3.90GHz,,1.12.6,cpu,1,regrid!(LinearRefinement),4096,4,Float64,0.010701428500000002,3.0,13.325915881230246
562fb67632441b6a0be5017ad86b36e8b2036fbc,false,2026-09-17T10:40:10+02:00,2026-09-17T10:40:30.538,iceshelf.fis.ucm.es,Intel(R) Xeon(R) W-2245 CPU @ 3.90GHz,,1.12.6,cpu,1,regrid!(LinearRefinement) MinModLimiter,256,2,Float32,0.00015495,3.0,2.1147466924814458
562fb67632441b6a0be5017ad86b36e8b2036fbc,false,2026-09-17T10:40:10+02:00,2026-09-17T10:40:30.538,iceshelf.fis.ucm.es,Intel(R) Xeon(R) W-2245 CPU @ 3.90GHz,,1.12.6,cpu,1,regrid!(LinearRefinement) MinModLimiter,256,2,Float64,0.00013143600000000002,3.0,4.986152956572019
562fb67632441b6a0be5017ad86b36e8b2036fbc,false,2026-09-17T10:40:10+02:00,2026-09-17T10:40:30.538,iceshelf.fis.ucm.es,Intel(R) Xeon(R) W-2245 CPU @ 3.90GHz,,1.12.6,cpu,1,regrid!(LinearRefinement) MinModLimiter,256,4,Float32,4.1910000000000004e-5,3.0,6.645860176568837
562fb67632441b6a0be5017ad86b36e8b2036fbc,false,2026-09-17T10:40:10+02:00,2026-09-17T10:40:30.538,iceshelf.fis.ucm.es,Intel(R) Xeon(R) W-2245 CPU @ 3.90GHz,,1.12.6,cpu,1,regrid!(LinearRefinement) MinModLimiter,256,4,Float64,4.3726e-5,3.0,12.739697205324063
562fb67632441b6a0be5017ad86b36e8b2036fbc,false,2026-09-17T10:40:10+02:00,2026-09-17T10:40:30.538,iceshelf.fis.ucm.es,Intel(R) Xeon(R) W-2245 CPU @ 3.90GHz,,1.12.6,cpu,1,regrid!(LinearRefinement) MinModLimiter,1024,2,Float32,0.0024872780000000003,3.0,2.107878572479634
562fb67632441b6a0be5017ad86b36e8b2036fbc,false,2026-09-17T10:40:10+02:00,2026-09-17T10:40:30.538,iceshelf.fis.ucm.es,Intel(R) Xeon(R) W-2245 CPU @ 3.90GHz,,1.12.6,cpu,1,regrid!(LinearRefinement) MinModLimiter,1024,2,Float64,0.002117363,3.0,4.952273181310903
562fb67632441b6a0be5017ad86b36e8b2036fbc,false,2026-09-17T10:40:10+02:00,2026-09-17T10:40:30.538,iceshelf.fis.ucm.es,Intel(R) Xeon(R) W-2245 CPU @ 3.90GHz,,1.12.6,cpu,1,regrid!(LinearRefinement) MinModLimiter,1024,4,Float32,0.0006610275000000001,3.0,6.741698340840585
562fb67632441b6a0be5017ad86b36e8b2036fbc,false,2026-09-17T10:40:10+02:00,2026-09-17T10:40:30.538,iceshelf.fis.ucm.es,Intel(R) Xeon(R) W-2245 CPU @ 3.90GHz,,1.12.6,cpu,1,regrid!(LinearRefinement) MinModLimiter,1024,4,Float64,0.000694877,3.0,12.82658081933925
562fb67632441b6a0be5017ad86b36e8b2036fbc,false,2026-09-17T10:40:10+02:00,2026-09-17T10:40:30.538,iceshelf.fis.ucm.es,Intel(R) Xeon(R) W-2245 CPU @ 3.90GHz,,1.12.6,cpu,1,regrid!(LinearRefinement) MinModLimiter,4096,2,Float32,0.040249252,3.0,2.084164942990742
562fb67632441b6a0be5017ad86b36e8b2036fbc,false,2026-09-17T10:40:10+02:00,2026-09-17T10:40:30.538,iceshelf.fis.ucm.es,Intel(R) Xeon(R) W-2245 CPU @ 3.90GHz,,1.12.6,cpu,1,regrid!(LinearRefinement) MinModLimiter,4096,2,Float64,0.0341217725,3.0,4.916865324039072
562fb67632441b6a0be5017ad86b36e8b2036fbc,false,2026-09-17T10:40:10+02:00,2026-09-17T10:40:30.538,iceshelf.fis.ucm.es,Intel(R) Xeon(R) W-2245 CPU @ 3.90GHz,,1.12.6,cpu,1,regrid!(LinearRefinement) MinModLimiter,4096,4,Float32,0.0106848815,3.0,6.673276442045708
562fb67632441b6a0be5017ad86b36e8b2036fbc,false,2026-09-17T10:40:10+02:00,2026-09-17T10:40:30.538,iceshelf.fis.ucm.es,Intel(R) Xeon(R) W-2245 CPU @ 3.90GHz,,1.12.6,cpu,1,regrid!(LinearRefinement) MinModLimiter,4096,4,Float64,0.0126364035,3.0,11.285357894752252
562fb67632441b6a0be5017ad86b36e8b2036fbc,false,2026-09-17T10:40:10+02:00,2026-09-17T10:40:30.538,iceshelf.fis.ucm.es,Intel(R) Xeon(R) W-2245 CPU @ 3.90GHz,,1.12.6,cpu,1,regrid!(BidirectionalRegridding) to coarse,256,2,Float32,4.316333333333334e-6,3.0,75.91628697196694
562fb67632441b6a0be5017ad86b36e8b2036fbc,false,2026-09-17T10:40:10+02:00,2026-09-17T10:40:30.538,iceshelf.fis.ucm.es,Intel(R) Xeon(R) W-2245 CPU @ 3.90GHz,,1.12.6,cpu,1,regrid!(BidirectionalRegridding) to fine,256,2,Float32,7.333e-5,3.0,4.468566753034228
562fb67632441b6a0be5017ad86b36e8b2036fbc,false,2026-09-17T10:40:10+02:00,2026-09-17T10:40:30.538,iceshelf.fis.ucm.es,Intel(R) Xeon(R) W-2245 CPU @ 3.90GHz,,1.12.6,cpu,1,regrid!(BidirectionalRegridding) to coarse,256,2,Float64,1.0545500000000001e-5,3.0,62.145939026124886
562fb67632441b6a0be5017ad86b36e8b2036fbc,false,2026-09-17T10:40:10+02:00,2026-09-17T10:40:30.538,iceshelf.fis.ucm.es,Intel(R) Xeon(R) W-2245 CPU @ 3.90GHz,,1.12.6,cpu,1,regrid!(BidirectionalRegridding) to fine,256,2,Float64,7.551e-5,3.0,8.679115348960403
562fb67632441b6a0be5017ad86b36e8b2036fbc,false,2026-09-17T10:40:10+02:00,2026-09-17T10:40:30.538,iceshelf.fis.ucm.es,Intel(R) Xeon(R) W-2245 CPU @ 3.90GHz,,1.12.6,cpu,1,regrid!(BidirectionalRegridding) to coarse,256,4,Float32,4.534e-6,3.0,61.4309660344067
562fb67632441b6a0be5017ad86b36e8b2036fbc,false,2026-09-17T10:40:10+02:00,2026-09-17T10:40:30.538,iceshelf.fis.ucm.es,Intel(R) Xeon(R) W-2245 CPU @ 3.90GHz,,1.12.6,cpu,1,regrid!(BidirectionalRegridding) to fine,256,4,Float32,2.4284e-5,3.0,11.469609619502554
562fb67632441b6a0be5017ad86b36e8b2036fbc,false,2026-09-17T10:40:10+02:00,2026-09-17T10:40:30.538,iceshelf.fis.ucm.es,Intel(R) Xeon(R) W-2245 CPU @ 3.90GHz,,1.12.6,cpu,1,regrid!(BidirectionalRegridding) to coarse,256,4,Float64,9.291333333333334e-6,3.0,59.95436607591303
562fb67632441b6a0be5017ad86b36e8b2036fbc,false,2026-09-17T10:40:10+02:00,2026-09-17T10:40:30.538,iceshelf.fis.ucm.es,Intel(R) Xeon(R) W-2245 CPU @ 3.90GHz,,1.12.6,cpu,1,regrid!(BidirectionalRegridding) to fine,256,4,Float64,2.5614000000000002e-5,3.0,21.74810650425548
562fb67632441b6a0be5017ad86b36e8b2036fbc,false,2026-09-17T10:40:10+02:00,2026-09-17T10:40:30.538,iceshelf.fis.ucm.es,Intel(R) Xeon(R) W-2245 CPU @ 3.90GHz,,1.12.6,cpu,1,regrid!(BidirectionalRegridding) to coarse,1024,2,Float32,0.00018972250000000003,3.0,27.634466128160863
562fb67632441b6a0be5017ad86b36e8b2036fbc,false,2026-09-17T10:40:10+02:00,2026-09-17T10:40:30.538,iceshelf.fis.ucm.es,Intel(R) Xeon(R) W-2245 CPU @ 3.90GHz,,1.12.6,cpu,1,regrid!(BidirectionalRegridding) to fine,1024,2,Float32,0.0011559835000000001,3.0,4.535428057580406
562fb67632441b6a0be5017ad86b36e8b2036fbc,false,2026-09-17T10:40:10+02:00,2026-09-17T10:40:30.538,iceshelf.fis.ucm.es,Intel(R) Xeon(R) W-2245 CPU @ 3.90GHz,,1.12.6,cpu,1,regrid!(BidirectionalRegridding) to coarse,1024,2,Float64,0.0003966365,3.0,26.436699597742514
562fb67632441b6a0be5017ad86b36e8b2036fbc,false,2026-09-17T10:40:10+02:00,2026-09-17T10:40:30.538,iceshelf.fis.ucm.es,Intel(R) Xeon(R) W-2245 CPU @ 3.90GHz,,1.12.6,cpu,1,regrid!(BidirectionalRegridding) to fine,1024,2,Float64,0.00119696,3.0,8.760326159604332
562fb67632441b6a0be5017ad86b36e8b2036fbc,false,2026-09-17T10:40:10+02:00,2026-09-17T10:40:30.538,iceshelf.fis.ucm.es,Intel(R) Xeon(R) W-2245 CPU @ 3.90GHz,,1.12.6,cpu,1,regrid!(BidirectionalRegridding) to coarse,1024,4,Float32,0.000164868,3.0,27.030400077637868
562fb67632441b6a0be5017ad86b36e8b2036fbc,false,2026-09-17T10:40:10+02:00,2026-09-17T10:40:30.538,iceshelf.fis.ucm.es,Intel(R) Xeon(R) W-2245 CPU @ 3.90GHz,,1.12.6,cpu,1,regrid!(BidirectionalRegridding) to fine,1024,4,Float32,0.00037333950000000005,3.0,11.936717116726197
562fb67632441b6a0be5017ad86b36e8b2036fbc,false,2026-09-17T10:40:10+02:00,2026-09-17T10:40:30.538,iceshelf.fis.ucm.es,Intel(R) Xeon(R) W-2245 CPU @ 3.90GHz,,1.12.6,cpu,1,regrid!(BidirectionalRegridding) to coarse,1024,4,Float64,0.000323404,3.0,27.559634389185042
562fb67632441b6a0be5017ad86b36e8b2036fbc,false,2026-09-17T10:40:10+02:00,2026-09-17T10:40:30.538,iceshelf.fis.ucm.es,Intel(R) Xeon(R) W-2245 CPU @ 3.90GHz,,1.12.6,cpu,1,regrid!(BidirectionalRegridding) to fine,1024,4,Float64,0.000430253,3.0,20.715476707890474
562fb67632441b6a0be5017ad86b36e8b2036fbc,false,2026-09-17T10:40:10+02:00,2026-09-17T10:40:30.538,iceshelf.fis.ucm.es,Intel(R) Xeon(R) W-2245 CPU @ 3.90GHz,,1.12.6,cpu,1,regrid!(BidirectionalRegridding) to coarse,4096,2,Float32,0.0057303535,3.0,14.638901422050141
562fb67632441b6a0be5017ad86b36e8b2036fbc,false,2026-09-17T10:40:10+02:00,2026-09-17T10:40:30.538,iceshelf.fis.ucm.es,Intel(R) Xeon(R) W-2245 CPU @ 3.90GHz,,1.12.6,cpu,1,regrid!(BidirectionalRegridding) to fine,4096,2,Float32,0.018841037,3.0,4.45230695104521
562fb67632441b6a0be5017ad86b36e8b2036fbc,false,2026-09-17T10:40:10+02:00,2026-09-17T10:40:30.538,iceshelf.fis.ucm.es,Intel(R) Xeon(R) W-2245 CPU @ 3.90GHz,,1.12.6,cpu,1,regrid!(BidirectionalRegridding) to coarse,4096,2,Float64,0.011849027000000002,3.0,14.159150789343292
562fb67632441b6a0be5017ad86b36e8b2036fbc,false,2026-09-17T10:40:10+02:00,2026-09-17T10:40:30.538,iceshelf.fis.ucm.es,Intel(R) Xeon(R) W-2245 CPU @ 3.90GHz,,1.12.6,cpu,1,regrid!(BidirectionalRegridding) to fine,4096,2,Float64,0.019816695000000002,3.0,8.466202865815918
562fb67632441b6a0be5017ad86b36e8b2036fbc,false,2026-09-17T10:40:10+02:00,2026-09-17T10:40:30.538,iceshelf.fis.ucm.es,Intel(R) Xeon(R) W-2245 CPU @ 3.90GHz,,1.12.6,cpu,1,regrid!(BidirectionalRegridding) to coarse,4096,4,Float32,0.004835717000000001,3.0,14.745107705847962
562fb67632441b6a0be5017ad86b36e8b2036fbc,false,2026-09-17T10:40:10+02:00,2026-09-17T10:40:30.538,iceshelf.fis.ucm.es,Intel(R) Xeon(R) W-2245 CPU @ 3.90GHz,,1.12.6,cpu,1,regrid!(BidirectionalRegridding) to fine,4096,4,Float32,0.0064542290000000006,3.0,11.047511329393487
562fb67632441b6a0be5017ad86b36e8b2036fbc,false,2026-09-17T10:40:10+02:00,2026-09-17T10:40:30.538,iceshelf.fis.ucm.es,Intel(R) Xeon(R) W-2245 CPU @ 3.90GHz,,1.12.6,cpu,1,regrid!(BidirectionalRegridding) to coarse,4096,4,Float64,0.009803540000000001,3.0,14.54641241837132
562fb67632441b6a0be5017ad86b36e8b2036fbc,false,2026-09-17T10:40:10+02:00,2026-09-17T10:40:30.538,iceshelf.fis.ucm.es,Intel(R) Xeon(R) W-2245 CPU @ 3.90GHz,,1.12.6,cpu,1,regrid!(BidirectionalRegridding) to fine,4096,4,Float64,0.010422168,3.0,13.682981890140324
562fb67632441b6a0be5017ad86b36e8b2036fbc,false,2026-09-17T10:40:10+02:00,2026-09-17T10:40:30.538,iceshelf.fis.ucm.es,Intel(R) Xeon(R) W-2245 CPU @ 3.90GHz,,1.12.6,cpu,1,BidirectionalRegridding,256,2,Float64,7.3822e-5,474.0,NaN
562fb67632441b6a0be5017ad86b36e8b2036fbc,false,2026-09-17T10:40:10+02:00,2026-09-17T10:40:30.538,iceshelf.fis.ucm.es,Intel(R) Xeon(R) W-2245 CPU @ 3.90GHz,,1.12.6,cpu,1,BidirectionalRegridding,1024,2,Float64,6.8336e-5,474.0,NaN
562fb67632441b6a0be5017ad86b36e8b2036fbc,false,2026-09-17T10:40:10+02:00,2026-09-17T10:40:30.538,iceshelf.fis.ucm.es,Intel(R) Xeon(R) W-2245 CPU @ 3.90GHz,,1.12.6,cpu,1,BidirectionalRegridding,4096,2,Float64,6.847e-5,474.0,NaN
562fb67632441b6a0be5017ad86b36e8b2036fbc,false,2026-09-17T10:40:10+02:00,2026-09-17T10:40:30.538,iceshelf.fis.ucm.es,Intel(R) Xeon(R) W-2245 CPU @ 3.90GHz,,1.12.6,cpu,1,Interpolations.jl Linear to fine,256,2,Float32,0.002254012,0.0,0.14537633340017708
562fb67632441b6a0be5017ad86b36e8b2036fbc,false,2026-09-17T10:40:10+02:00,2026-09-17T10:40:30.538,iceshelf.fis.ucm.es,Intel(R) Xeon(R) W-2245 CPU @ 3.90GHz,,1.12.6,cpu,1,Interpolations.jl Linear to fine,256,2,Float64,0.002106335,0.0,0.3111375920734356
562fb67632441b6a0be5017ad86b36e8b2036fbc,false,2026-09-17T10:40:10+02:00,2026-09-17T10:40:30.538,iceshelf.fis.ucm.es,Intel(R) Xeon(R) W-2245 CPU @ 3.90GHz,,1.12.6,cpu,1,Interpolations.jl Linear to fine,256,4,Float32,0.00225844,0.0,0.1233276066665486
562fb67632441b6a0be5017ad86b36e8b2036fbc,false,2026-09-17T10:40:10+02:00,2026-09-17T10:40:30.538,iceshelf.fis.ucm.es,Intel(R) Xeon(R) W-2245 CPU @ 3.90GHz,,1.12.6,cpu,1,Interpolations.jl Linear to fine,256,4,Float64,0.0021095455,0.0,0.26406446317465065
562fb67632441b6a0be5017ad86b36e8b2036fbc,false,2026-09-17T10:40:10+02:00,2026-09-17T10:40:30.538,iceshelf.fis.ucm.es,Intel(R) Xeon(R) W-2245 CPU @ 3.90GHz,,1.12.6,cpu,1,Interpolations.jl Linear to fine,1024,2,Float32,0.03627957800000001,0.0,0.1445132575687622
562fb67632441b6a0be5017ad86b36e8b2036fbc,false,2026-09-17T10:40:10+02:00,2026-09-17T10:40:30.538,iceshelf.fis.ucm.es,Intel(R) Xeon(R) W-2245 CPU @ 3.90GHz,,1.12.6,cpu,1,Interpolations.jl Linear to fine,1024,2,Float64,0.033979107,0.0,0.3085943371025024
562fb67632441b6a0be5017ad86b36e8b2036fbc,false,2026-09-17T10:40:10+02:00,2026-09-17T10:40:30.538,iceshelf.fis.ucm.es,Intel(R) Xeon(R) W-2245 CPU @ 3.90GHz,,1.12.6,cpu,1,Interpolations.jl Linear to fine,1024,4,Float32,0.036175878,0.0,0.12318838536551897
562fb67632441b6a0be5017ad86b36e8b2036fbc,false,2026-09-17T10:40:10+02:00,2026-09-17T10:40:30.538,iceshelf.fis.ucm.es,Intel(R) Xeon(R) W-2245 CPU @ 3.90GHz,,1.12.6,cpu,1,Interpolations.jl Linear to fine,1024,4,Float64,0.033889564000000004,0.0,0.26299824925454923
562fb67632441b6a0be5017ad86b36e8b2036fbc,false,2026-09-17T10:40:10+02:00,2026-09-17T10:40:30.538,iceshelf.fis.ucm.es,Intel(R) Xeon(R) W-2245 CPU @ 3.90GHz,,1.12.6,cpu,1,Interpolations.jl Linear to fine,4096,2,Float32,0.6149769845,0.0,0.13640523485314268
562fb67632441b6a0be5017ad86b36e8b2036fbc,false,2026-09-17T10:40:10+02:00,2026-09-17T10:40:30.538,iceshelf.fis.ucm.es,Intel(R) Xeon(R) W-2245 CPU @ 3.90GHz,,1.12.6,cpu,1,Interpolations.jl Linear to fine,4096,2,Float64,0.5860869020000001,0.0,0.2862581631281703
562fb67632441b6a0be5017ad86b36e8b2036fbc,false,2026-09-17T10:40:10+02:00,2026-09-17T10:40:30.538,iceshelf.fis.ucm.es,Intel(R) Xeon(R) W-2245 CPU @ 3.90GHz,,1.12.6,cpu,1,Interpolations.jl Linear to fine,4096,4,Float32,0.6195329730000001,0.0,0.11509180480697351
562fb67632441b6a0be5017ad86b36e8b2036fbc,false,2026-09-17T10:40:10+02:00,2026-09-17T10:40:30.538,iceshelf.fis.ucm.es,Intel(R) Xeon(R) W-2245 CPU @ 3.90GHz,,1.12.6,cpu,1,Interpolations.jl Linear to fine,4096,4,Float64,0.555289063,0.0,0.25681459532005946
562fb67632441b6a0be5017ad86b36e8b2036fbc,false,2026-09-17T10:40:10+02:00,2026-09-17T10:40:30.538,iceshelf.fis.ucm.es,Intel(R) Xeon(R) W-2245 CPU @ 3.90GHz,,1.12.6,cpu,1,Interpolations.jl Constant to fine,256,2,Float32,0.0019085485,0.0,0.17169068535591314
562fb67632441b6a0be5017ad86b36e8b2036fbc,false,2026-09-17T10:40:10+02:00,2026-09-17T10:40:30.538,iceshelf.fis.ucm.es,Intel(R) Xeon(R) W-2245 CPU @ 3.90GHz,,1.12.6,cpu,1,Interpolations.jl Constant to fine,256,2,Float64,0.001919991,0.0,0.34133493334083337
562fb67632441b6a0be5017ad86b36e8b2036fbc,false,2026-09-17T10:40:10+02:00,2026-09-17T10:40:30.538,iceshelf.fis.ucm.es,Intel(R) Xeon(R) W-2245 CPU @ 3.90GHz,,1.12.6,cpu,1,Interpolations.jl Constant to fine,256,4,Float32,0.001907068,0.0,0.1460503768087976
562fb67632441b6a0be5017ad86b36e8b2036fbc,false,2026-09-17T10:40:10+02:00,2026-09-17T10:40:30.538,iceshelf.fis.ucm.es,Intel(R) Xeon(R) W-2245 CPU @ 3.90GHz,,1.12.6,cpu,1,Interpolations.jl Constant to fine,256,4,Float64,0.0019118520000000001,0.0,0.2913698340666537
562fb67632441b6a0be5017ad86b36e8b2036fbc,false,2026-09-17T10:40:10+02:00,2026-09-17T10:40:30.538,iceshelf.fis.ucm.es,Intel(R) Xeon(R) W-2245 CPU @ 3.90GHz,,1.12.6,cpu,1,Interpolations.jl Constant to fine,1024,2,Float32,0.030729151000000003,0.0,0.1706158429173653
562fb67632441b6a0be5017ad86b36e8b2036fbc,false,2026-09-17T10:40:10+02:00,2026-09-17T10:40:30.538,iceshelf.fis.ucm.es,Intel(R) Xeon(R) W-2245 CPU @ 3.90GHz,,1.12.6,cpu,1,Interpolations.jl Constant to fine,1024,2,Float64,0.030953334000000002,0.0,0.33876027700279393
562fb67632441b6a0be5017ad86b36e8b2036fbc,false,2026-09-17T10:40:10+02:00,2026-09-17T10:40:30.538,iceshelf.fis.ucm.es,Intel(R) Xeon(R) W-2245 CPU @ 3.90GHz,,1.12.6,cpu,1,Interpolations.jl Constant to fine,1024,4,Float32,0.030660909000000004,0.0,0.1453462452792903
562fb67632441b6a0be5017ad86b36e8b2036fbc,false,2026-09-17T10:40:10+02:00,2026-09-17T10:40:30.538,iceshelf.fis.ucm.es,Intel(R) Xeon(R) W-2245 CPU @ 3.90GHz,,1.12.6,cpu,1,Interpolations.jl Constant to fine,1024,4,Float64,0.030876780000000003,0.0,0.2886601517386204
562fb67632441b6a0be5017ad86b36e8b2036fbc,false,2026-09-17T10:40:10+02:00,2026-09-17T10:40:30.538,iceshelf.fis.ucm.es,Intel(R) Xeon(R) W-2245 CPU @ 3.90GHz,,1.12.6,cpu,1,Interpolations.jl Constant to fine,4096,2,Float32,0.492331167,0.0,0.17038547551469557
562fb67632441b6a0be5017ad86b36e8b2036fbc,false,2026-09-17T10:40:10+02:00,2026-09-17T10:40:30.538,iceshelf.fis.ucm.es,Intel(R) Xeon(R) W-2245 CPU @ 3.90GHz,,1.12.6,cpu,1,Interpolations.jl Constant to fine,4096,2,Float64,0.49596367500000005,0.0,0.33827509645741694
562fb67632441b6a0be5017ad86b36e8b2036fbc,false,2026-09-17T10:40:10+02:00,2026-09-17T10:40:30.538,iceshelf.fis.ucm.es,Intel(R) Xeon(R) W-2245 CPU @ 3.90GHz,,1.12.6,cpu,1,Interpolations.jl Constant to fine,4096,4,Float32,0.5206288575000001,0.0,0.13695585055040863
562fb67632441b6a0be5017ad86b36e8b2036fbc,false,2026-09-17T10:40:10+02:00,2026-09-17T10:40:30.538,iceshelf.fis.ucm.es,Intel(R) Xeon(R) W-2245 CPU @ 3.90GHz,,1.12.6,cpu,1,Interpolations.jl Constant to fine,4096,4,Float64,0.493624744,0.0,0.28889624706495665
562fb67632441b6a0be5017ad86b36e8b2036fbc,false,2026-09-17T10:40:10+02:00,2026-09-17T10:40:30.538,iceshelf.fis.ucm.es,Intel(R) Xeon(R) W-2245 CPU @ 3.90GHz,,1.12.6,cpu,1,Interpolations.jl Linear to coarse,256,2,Float32,0.000571842,0.0,0.5730254161114433
562fb67632441b6a0be5017ad86b36e8b2036fbc,false,2026-09-17T10:40:10+02:00,2026-09-17T10:40:30.538,iceshelf.fis.ucm.es,Intel(R) Xeon(R) W-2245 CPU @ 3.90GHz,,1.12.6,cpu,1,Interpolations.jl Linear to coarse,256,2,Float64,0.000524485,0.0,1.249530491815781
562fb67632441b6a0be5017ad86b36e8b2036fbc,false,2026-09-17T10:40:10+02:00,2026-09-17T10:40:30.538,iceshelf.fis.ucm.es,Intel(R) Xeon(R) W-2245 CPU @ 3.90GHz,,1.12.6,cpu,1,Interpolations.jl Linear to coarse,256,4,Float32,0.000141347,0.0,1.970526434943791
562fb67632441b6a0be5017ad86b36e8b2036fbc,false,2026-09-17T10:40:10+02:00,2026-09-17T10:40:30.538,iceshelf.fis.ucm.es,Intel(R) Xeon(R) W-2245 CPU @ 3.90GHz,,1.12.6,cpu,1,Interpolations.jl Linear to coarse,256,4,Float64,0.00013101900000000001,0.0,4.251719216296872
562fb67632441b6a0be5017ad86b36e8b2036fbc,false,2026-09-17T10:40:10+02:00,2026-09-17T10:40:30.538,iceshelf.fis.ucm.es,Intel(R) Xeon(R) W-2245 CPU @ 3.90GHz,,1.12.6,cpu,1,Interpolations.jl Linear to coarse,1024,2,Float32,0.009510756,0.0,0.5512579651922518
562fb67632441b6a0be5017ad86b36e8b2036fbc,false,2026-09-17T10:40:10+02:00,2026-09-17T10:40:30.538,iceshelf.fis.ucm.es,Intel(R) Xeon(R) W-2245 CPU @ 3.90GHz,,1.12.6,cpu,1,Interpolations.jl Linear to coarse,1024,2,Float64,0.008518873,0.0,1.2308858225730095
562fb67632441b6a0be5017ad86b36e8b2036fbc,false,2026-09-17T10:40:10+02:00,2026-09-17T10:40:30.538,iceshelf.fis.ucm.es,Intel(R) Xeon(R) W-2245 CPU @ 3.90GHz,,1.12.6,cpu,1,Interpolations.jl Linear to coarse,1024,4,Float32,0.0023218625000000002,0.0,1.9193419076280356
562fb67632441b6a0be5017ad86b36e8b2036fbc,false,2026-09-17T10:40:10+02:00,2026-09-17T10:40:30.538,iceshelf.fis.ucm.es,Intel(R) Xeon(R) W-2245 CPU @ 3.90GHz,,1.12.6,cpu,1,Interpolations.jl Linear to coarse,1024,4,Float64,0.002138035,0.0,4.1687325043790215
562fb67632441b6a0be5017ad86b36e8b2036fbc,false,2026-09-17T10:40:10+02:00,2026-09-17T10:40:30.538,iceshelf.fis.ucm.es,Intel(R) Xeon(R) W-2245 CPU @ 3.90GHz,,1.12.6,cpu,1,Interpolations.jl Linear to coarse,4096,2,Float32,0.14777152300000002,0.0,0.5676741925438502
562fb67632441b6a0be5017ad86b36e8b2036fbc,false,2026-09-17T10:40:10+02:00,2026-09-17T10:40:30.538,iceshelf.fis.ucm.es,Intel(R) Xeon(R) W-2245 CPU @ 3.90GHz,,1.12.6,cpu,1,Interpolations.jl Linear to coarse,4096,2,Float64,0.13588744600000002,0.0,1.234640615734289
562fb67632441b6a0be5017ad86b36e8b2036fbc,false,2026-09-17T10:40:10+02:00,2026-09-17T10:40:30.538,iceshelf.fis.ucm.es,Intel(R) Xeon(R) W-2245 CPU @ 3.90GHz,,1.12.6,cpu,1,Interpolations.jl Linear to coarse,4096,4,Float32,0.036839273000000006,0.0,1.9355204973778932
562fb67632441b6a0be5017ad86b36e8b2036fbc,false,2026-09-17T10:40:10+02:00,2026-09-17T10:40:30.538,iceshelf.fis.ucm.es,Intel(R) Xeon(R) W-2245 CPU @ 3.90GHz,,1.12.6,cpu,1,Interpolations.jl Linear to coarse,4096,4,Float64,0.034300046,0.0,4.157613549556173
562fb67632441b6a0be5017ad86b36e8b2036fbc,false,2026-09-17T10:40:10+02:00,2026-09-17T10:40:30.538,iceshelf.fis.ucm.es,Intel(R) Xeon(R) W-2245 CPU @ 3.90GHz,,1.12.6,cpu,4,DyadicGrid,256,0,Float32,1.6997e-5,48.0,0.12049185150320645
562fb67632441b6a0be5017ad86b36e8b2036fbc,false,2026-09-17T10:40:10+02:00,2026-09-17T10:40:30.538,iceshelf.fis.ucm.es,Intel(R) Xeon(R) W-2245 CPU @ 3.90GHz,,1.12.6,cpu,4,DyadicGrid,256,0,Float64,1.7145000000000003e-5,50.0,0.23890347039953336
562fb67632441b6a0be5017ad86b36e8b2036fbc,false,2026-09-17T10:40:10+02:00,2026-09-17T10:40:30.538,iceshelf.fis.ucm.es,Intel(R) Xeon(R) W-2245 CPU @ 3.90GHz,,1.12.6,cpu,4,DyadicGrid,1024,0,Float32,5.6498e-5,52.0,0.1449962830542674
562fb67632441b6a0be5017ad86b36e8b2036fbc,false,2026-09-17T10:40:10+02:00,2026-09-17T10:40:30.538,iceshelf.fis.ucm.es,Intel(R) Xeon(R) W-2245 CPU @ 3.90GHz,,1.12.6,cpu,4,DyadicGrid,1024,0,Float64,5.7153000000000007e-5,52.0,0.2866691162318688
562fb67632441b6a0be5017ad86b36e8b2036fbc,false,2026-09-17T10:40:10+02:00,2026-09-17T10:40:30.538,iceshelf.fis.ucm.es,Intel(R) Xeon(R) W-2245 CPU @ 3.90GHz,,1.12.6,cpu,4,DyadicGrid,4096,0,Float32,0.00021495900000000003,52.0,0.15243837196860796
562fb67632441b6a0be5017ad86b36e8b2036fbc,false,2026-09-17T10:40:10+02:00,2026-09-17T10:40:30.538,iceshelf.fis.ucm.es,Intel(R) Xeon(R) W-2245 CPU @ 3.90GHz,,1.12.6,cpu,4,DyadicGrid,4096,0,Float64,0.000216671,52.0,0.30246779679791014
562fb67632441b6a0be5017ad86b36e8b2036fbc,false,2026-09-17T10:40:10+02:00,2026-09-17T10:40:30.538,iceshelf.fis.ucm.es,Intel(R) Xeon(R) W-2245 CPU @ 3.90GHz,,1.12.6,cpu,4,regrid!(IdentityRegridding),256,1,Float32,6.129333333333333e-6,0.0,85.53752447248206
562fb67632441b6a0be5017ad86b36e8b2036fbc,false,2026-09-17T10:40:10+02:00,2026-09-17T10:40:30.538,iceshelf.fis.ucm.es,Intel(R) Xeon(R) W-2245 CPU @ 3.90GHz,,1.12.6,cpu,4,regrid!(IdentityRegridding),256,1,Float64,1.5489e-5,0.0,67.69810833494738
562fb67632441b6a0be5017ad86b36e8b2036fbc,false,2026-09-17T10:40:10+02:00,2026-09-17T10:40:30.538,iceshelf.fis.ucm.es,Intel(R) Xeon(R) W-2245 CPU @ 3.90GHz,,1.12.6,cpu,4,regrid!(IdentityRegridding),1024,1,Float32,0.000208206,0.0,40.28994361353659
562fb67632441b6a0be5017ad86b36e8b2036fbc,false,2026-09-17T10:40:10+02:00,2026-09-17T10:40:30.538,iceshelf.fis.ucm.es,Intel(R) Xeon(R) W-2245 CPU @ 3.90GHz,,1.12.6,cpu,4,regrid!(IdentityRegridding),1024,1,Float64,0.000612075,0.0,27.41039251725687
562fb67632441b6a0be5017ad86b36e8b2036fbc,false,2026-09-17T10:40:10+02:00,2026-09-17T10:40:30.538,iceshelf.fis.ucm.es,Intel(R) Xeon(R) W-2245 CPU @ 3.90GHz,,1.12.6,cpu,4,regrid!(IdentityRegridding),4096,1,Float32,0.006381052000000001,0.0,21.03379317391552
562fb67632441b6a0be5017ad86b36e8b2036fbc,false,2026-09-17T10:40:10+02:00,2026-09-17T10:40:30.538,iceshelf.fis.ucm.es,Intel(R) Xeon(R) W-2245 CPU @ 3.90GHz,,1.12.6,cpu,4,regrid!(IdentityRegridding),4096,1,Float64,0.012812832,0.0,20.950517106600632
562fb67632441b6a0be5017ad86b36e8b2036fbc,false,2026-09-17T10:40:10+02:00,2026-09-17T10:40:30.538,iceshelf.fis.ucm.es,Intel(R) Xeon(R) W-2245 CPU @ 3.90GHz,,1.12.6,cpu,4,regrid!(AverageCoarsening),256,2,Float32,9.333500000000001e-6,33.0,35.10794450099105
562fb67632441b6a0be5017ad86b36e8b2036fbc,false,2026-09-17T10:40:10+02:00,2026-09-17T10:40:30.538,iceshelf.fis.ucm.es,Intel(R) Xeon(R) W-2245 CPU @ 3.90GHz,,1.12.6,cpu,4,regrid!(AverageCoarsening),256,2,Float64,1.0579e-5,33.0,61.94914453161925
562fb67632441b6a0be5017ad86b36e8b2036fbc,false,2026-09-17T10:40:10+02:00,2026-09-17T10:40:30.538,iceshelf.fis.ucm.es,Intel(R) Xeon(R) W-2245 CPU @ 3.90GHz,,1.12.6,cpu,4,regrid!(AverageCoarsening),256,4,Float32,8.834e-6,33.0,31.529092143989132
562fb67632441b6a0be5017ad86b36e8b2036fbc,false,2026-09-17T10:40:10+02:00,2026-09-17T10:40:30.538,iceshelf.fis.ucm.es,Intel(R) Xeon(R) W-2245 CPU @ 3.90GHz,,1.12.6,cpu,4,regrid!(AverageCoarsening),256,4,Float64,9.732000000000001e-6,33.0,57.23962186600903
562fb67632441b6a0be5017ad86b36e8b2036fbc,false,2026-09-17T10:40:10+02:00,2026-09-17T10:40:30.538,iceshelf.fis.ucm.es,Intel(R) Xeon(R) W-2245 CPU @ 3.90GHz,,1.12.6,cpu,4,regrid!(AverageCoarsening),1024,2,Float32,5.3574000000000006e-5,33.0,97.86239593832828
562fb67632441b6a0be5017ad86b36e8b2036fbc,false,2026-09-17T10:40:10+02:00,2026-09-17T10:40:30.538,iceshelf.fis.ucm.es,Intel(R) Xeon(R) W-2245 CPU @ 3.90GHz,,1.12.6,cpu,4,regrid!(AverageCoarsening),1024,2,Float64,0.00011461300000000001,33.0,91.48840009423014
562fb67632441b6a0be5017ad86b36e8b2036fbc,false,2026-09-17T10:40:10+02:00,2026-09-17T10:40:30.538,iceshelf.fis.ucm.es,Intel(R) Xeon(R) W-2245 CPU @ 3.90GHz,,1.12.6,cpu,4,regrid!(AverageCoarsening),1024,4,Float32,4.6383e-5,33.0,96.07933941314707
562fb67632441b6a0be5017ad86b36e8b2036fbc,false,2026-09-17T10:40:10+02:00,2026-09-17T10:40:30.538,iceshelf.fis.ucm.es,Intel(R) Xeon(R) W-2245 CPU @ 3.90GHz,,1.12.6,cpu,4,regrid!(AverageCoarsening),1024,4,Float64,9.2798e-5,33.0,96.04620789241147
562fb67632441b6a0be5017ad86b36e8b2036fbc,false,2026-09-17T10:40:10+02:00,2026-09-17T10:40:30.538,iceshelf.fis.ucm.es,Intel(R) Xeon(R) W-2245 CPU @ 3.90GHz,,1.12.6,cpu,4,regrid!(AverageCoarsening),4096,2,Float32,0.001967688,33.0,42.6317993503035
562fb67632441b6a0be5017ad86b36e8b2036fbc,false,2026-09-17T10:40:10+02:00,2026-09-17T10:40:30.538,iceshelf.fis.ucm.es,Intel(R) Xeon(R) W-2245 CPU @ 3.90GHz,,1.12.6,cpu,4,regrid!(AverageCoarsening),4096,2,Float64,0.004282099500000001,33.0,39.17988360616094
562fb67632441b6a0be5017ad86b36e8b2036fbc,false,2026-09-17T10:40:10+02:00,2026-09-17T10:40:30.538,iceshelf.fis.ucm.es,Intel(R) Xeon(R) W-2245 CPU @ 3.90GHz,,1.12.6,cpu,4,regrid!(AverageCoarsening),4096,4,Float32,0.0015000655,33.0,47.53336970952268
562fb67632441b6a0be5017ad86b36e8b2036fbc,false,2026-09-17T10:40:10+02:00,2026-09-17T10:40:30.538,iceshelf.fis.ucm.es,Intel(R) Xeon(R) W-2245 CPU @ 3.90GHz,,1.12.6,cpu,4,regrid!(AverageCoarsening),4096,4,Float64,0.0033728300000000003,33.0,42.28091424708627
562fb67632441b6a0be5017ad86b36e8b2036fbc,false,2026-09-17T10:40:10+02:00,2026-09-17T10:40:30.538,iceshelf.fis.ucm.es,Intel(R) Xeon(R) W-2245 CPU @ 3.90GHz,,1.12.6,cpu,4,regrid!(AverageCoarsening) weighted,256,2,Float32,1.3509e-5,33.0,24.256421644829373
562fb67632441b6a0be5017ad86b36e8b2036fbc,false,2026-09-17T10:40:10+02:00,2026-09-17T10:40:30.538,iceshelf.fis.ucm.es,Intel(R) Xeon(R) W-2245 CPU @ 3.90GHz,,1.12.6,cpu,4,regrid!(AverageCoarsening) weighted,256,2,Float64,1.5875e-5,33.0,41.28251968503937
562fb67632441b6a0be5017ad86b36e8b2036fbc,false,2026-09-17T10:40:10+02:00,2026-09-17T10:40:30.538,iceshelf.fis.ucm.es,Intel(R) Xeon(R) W-2245 CPU @ 3.90GHz,,1.12.6,cpu,4,regrid!(AverageCoarsening) weighted,256,4,Float32,3.054e-5,33.0,9.120104780615586
562fb67632441b6a0be5017ad86b36e8b2036fbc,false,2026-09-17T10:40:10+02:00,2026-09-17T10:40:30.538,iceshelf.fis.ucm.es,Intel(R) Xeon(R) W-2245 CPU @ 3.90GHz,,1.12.6,cpu,4,regrid!(AverageCoarsening) weighted,256,4,Float64,1.5023000000000002e-5,33.0,37.08021034413898
562fb67632441b6a0be5017ad86b36e8b2036fbc,false,2026-09-17T10:40:10+02:00,2026-09-17T10:40:30.538,iceshelf.fis.ucm.es,Intel(R) Xeon(R) W-2245 CPU @ 3.90GHz,,1.12.6,cpu,4,regrid!(AverageCoarsening) weighted,1024,2,Float32,0.000262862,33.0,19.945370574674165
562fb67632441b6a0be5017ad86b36e8b2036fbc,false,2026-09-17T10:40:10+02:00,2026-09-17T10:40:30.538,iceshelf.fis.ucm.es,Intel(R) Xeon(R) W-2245 CPU @ 3.90GHz,,1.12.6,cpu,4,regrid!(AverageCoarsening) weighted,1024,2,Float64,0.000295665,33.0,35.46500262120981
562fb67632441b6a0be5017ad86b36e8b2036fbc,false,2026-09-17T10:40:10+02:00,2026-09-17T10:40:30.538,iceshelf.fis.ucm.es,Intel(R) Xeon(R) W-2245 CPU @ 3.90GHz,,1.12.6,cpu,4,regrid!(AverageCoarsening) weighted,1024,4,Float32,0.00024353300000000001,33.0,18.299154529365627
562fb67632441b6a0be5017ad86b36e8b2036fbc,false,2026-09-17T10:40:10+02:00,2026-09-17T10:40:30.538,iceshelf.fis.ucm.es,Intel(R) Xeon(R) W-2245 CPU @ 3.90GHz,,1.12.6,cpu,4,regrid!(AverageCoarsening) weighted,1024,4,Float64,0.00023916600000000002,33.0,37.266567990433416
562fb67632441b6a0be5017ad86b36e8b2036fbc,false,2026-09-17T10:40:10+02:00,2026-09-17T10:40:30.538,iceshelf.fis.ucm.es,Intel(R) Xeon(R) W-2245 CPU @ 3.90GHz,,1.12.6,cpu,4,regrid!(AverageCoarsening) weighted,4096,2,Float32,0.005604504000000001,33.0,14.967618900798357
562fb67632441b6a0be5017ad86b36e8b2036fbc,false,2026-09-17T10:40:10+02:00,2026-09-17T10:40:30.538,iceshelf.fis.ucm.es,Intel(R) Xeon(R) W-2245 CPU @ 3.90GHz,,1.12.6,cpu,4,regrid!(AverageCoarsening) weighted,4096,2,Float64,0.008033325000000001,33.0,20.884522909256127
562fb67632441b6a0be5017ad86b36e8b2036fbc,false,2026-09-17T10:40:10+02:00,2026-09-17T10:40:30.538,iceshelf.fis.ucm.es,Intel(R) Xeon(R) W-2245 CPU @ 3.90GHz,,1.12.6,cpu,4,regrid!(AverageCoarsening) weighted,4096,4,Float32,0.0075271195,33.0,9.472835923489724
562fb67632441b6a0be5017ad86b36e8b2036fbc,false,2026-09-17T10:40:10+02:00,2026-09-17T10:40:30.538,iceshelf.fis.ucm.es,Intel(R) Xeon(R) W-2245 CPU @ 3.90GHz,,1.12.6,cpu,4,regrid!(AverageCoarsening) weighted,4096,4,Float64,0.006475886,33.0,22.021131317012067
562fb67632441b6a0be5017ad86b36e8b2036fbc,false,2026-09-17T10:40:10+02:00,2026-09-17T10:40:30.538,iceshelf.fis.ucm.es,Intel(R) Xeon(R) W-2245 CPU @ 3.90GHz,,1.12.6,cpu,4,regrid!(ConstantRefinement),256,2,Float32,2.0767000000000003e-5,33.0,15.77887995377281
562fb67632441b6a0be5017ad86b36e8b2036fbc,false,2026-09-17T10:40:10+02:00,2026-09-17T10:40:30.538,iceshelf.fis.ucm.es,Intel(R) Xeon(R) W-2245 CPU @ 3.90GHz,,1.12.6,cpu,4,regrid!(ConstantRefinement),256,2,Float64,2.7861000000000003e-5,33.0,23.522486630056346
562fb67632441b6a0be5017ad86b36e8b2036fbc,false,2026-09-17T10:40:10+02:00,2026-09-17T10:40:30.538,iceshelf.fis.ucm.es,Intel(R) Xeon(R) W-2245 CPU @ 3.90GHz,,1.12.6,cpu,4,regrid!(ConstantRefinement),256,4,Float32,1.4449e-5,33.0,19.276628140355736
562fb67632441b6a0be5017ad86b36e8b2036fbc,false,2026-09-17T10:40:10+02:00,2026-09-17T10:40:30.538,iceshelf.fis.ucm.es,Intel(R) Xeon(R) W-2245 CPU @ 3.90GHz,,1.12.6,cpu,4,regrid!(ConstantRefinement),256,4,Float64,2.07925e-5,33.0,26.791198749549114
562fb67632441b6a0be5017ad86b36e8b2036fbc,false,2026-09-17T10:40:10+02:00,2026-09-17T10:40:30.538,iceshelf.fis.ucm.es,Intel(R) Xeon(R) W-2245 CPU @ 3.90GHz,,1.12.6,cpu,4,regrid!(ConstantRefinement),1024,2,Float32,0.00013002,33.0,40.32364251653592
562fb67632441b6a0be5017ad86b36e8b2036fbc,false,2026-09-17T10:40:10+02:00,2026-09-17T10:40:30.538,iceshelf.fis.ucm.es,Intel(R) Xeon(R) W-2245 CPU @ 3.90GHz,,1.12.6,cpu,4,regrid!(ConstantRefinement),1024,2,Float64,0.000162509,33.0,64.52418019925051
562fb67632441b6a0be5017ad86b36e8b2036fbc,false,2026-09-17T10:40:10+02:00,2026-09-17T10:40:30.538,iceshelf.fis.ucm.es,Intel(R) Xeon(R) W-2245 CPU @ 3.90GHz,,1.12.6,cpu,4,regrid!(ConstantRefinement),1024,4,Float32,7.580050000000001e-5,33.0,58.79180216489336
562fb67632441b6a0be5017ad86b36e8b2036fbc,false,2026-09-17T10:40:10+02:00,2026-09-17T10:40:30.538,iceshelf.fis.ucm.es,Intel(R) Xeon(R) W-2245 CPU @ 3.90GHz,,1.12.6,cpu,4,regrid!(ConstantRefinement),1024,4,Float64,0.00012061400000000001,33.0,73.89603196975474
562fb67632441b6a0be5017ad86b36e8b2036fbc,false,2026-09-17T10:40:10+02:00,2026-09-17T10:40:30.538,iceshelf.fis.ucm.es,Intel(R) Xeon(R) W-2245 CPU @ 3.90GHz,,1.12.6,cpu,4,regrid!(ConstantRefinement),4096,2,Float32,0.002784234,33.0,30.1289618616826
562fb67632441b6a0be5017ad86b36e8b2036fbc,false,2026-09-17T10:40:10+02:00,2026-09-17T10:40:30.538,iceshelf.fis.ucm.es,Intel(R) Xeon(R) W-2245 CPU @ 3.90GHz,,1.12.6,cpu,4,regrid!(ConstantRefinement),4096,2,Float64,0.005788655,33.0,28.982926085593284
562fb67632441b6a0be5017ad86b36e8b2036fbc,false,2026-09-17T10:40:10+02:00,2026-09-17T10:40:30.538,iceshelf.fis.ucm.es,Intel(R) Xeon(R) W-2245 CPU @ 3.90GHz,,1.12.6,cpu,4,regrid!(ConstantRefinement),4096,4,Float32,0.0021924040000000002,33.0,32.52282334825151
562fb67632441b6a0be5017ad86b36e8b2036fbc,false,2026-09-17T10:40:10+02:00,2026-09-17T10:40:30.538,iceshelf.fis.ucm.es,Intel(R) Xeon(R) W-2245 CPU @ 3.90GHz,,1.12.6,cpu,4,regrid!(ConstantRefinement),4096,4,Float64,0.005026173,33.0,28.372747217415714
562fb67632441b6a0be5017ad86b36e8b2036fbc,false,2026-09-17T10:40:10+02:00,2026-09-17T10:40:30.538,iceshelf.fis.ucm.es,Intel(R) Xeon(R) W-2245 CPU @ 3.90GHz,,1.12.6,cpu,4,regrid!(LinearRefinement),256,2,Float32,3.4549000000000004e-5,33.0,9.48450027497178
562fb67632441b6a0be5017ad86b36e8b2036fbc,false,2026-09-17T10:40:10+02:00,2026-09-17T10:40:30.538,iceshelf.fis.ucm.es,Intel(R) Xeon(R) W-2245 CPU @ 3.90GHz,,1.12.6,cpu,4,regrid!(LinearRefinement),256,2,Float64,3.51355e-5,33.0,18.652360148567688
562fb67632441b6a0be5017ad86b36e8b2036fbc,false,2026-09-17T10:40:10+02:00,2026-09-17T10:40:30.538,iceshelf.fis.ucm.es,Intel(R) Xeon(R) W-2245 CPU @ 3.90GHz,,1.12.6,cpu,4,regrid!(LinearRefinement),256,4,Float32,1.4723000000000001e-5,33.0,18.917883583508793
562fb67632441b6a0be5017ad86b36e8b2036fbc,false,2026-09-17T10:40:10+02:00,2026-09-17T10:40:30.538,iceshelf.fis.ucm.es,Intel(R) Xeon(R) W-2245 CPU @ 3.90GHz,,1.12.6,cpu,4,regrid!(LinearRefinement),256,4,Float64,2.1048000000000002e-5,33.0,26.46598251615355
562fb67632441b6a0be5017ad86b36e8b2036fbc,false,2026-09-17T10:40:10+02:00,2026-09-17T10:40:30.538,iceshelf.fis.ucm.es,Intel(R) Xeon(R) W-2245 CPU @ 3.90GHz,,1.12.6,cpu,4,regrid!(LinearRefinement),1024,2,Float32,0.00031287000000000003,33.0,16.757375267683063
562fb67632441b6a0be5017ad86b36e8b2036fbc,false,2026-09-17T10:40:10+02:00,2026-09-17T10:40:30.538,iceshelf.fis.ucm.es,Intel(R) Xeon(R) W-2245 CPU @ 3.90GHz,,1.12.6,cpu,4,regrid!(LinearRefinement),1024,2,Float64,0.00037051750000000007,33.0,28.300309701970885
562fb67632441b6a0be5017ad86b36e8b2036fbc,false,2026-09-17T10:40:10+02:00,2026-09-17T10:40:30.538,iceshelf.fis.ucm.es,Intel(R) Xeon(R) W-2245 CPU @ 3.90GHz,,1.12.6,cpu,4,regrid!(LinearRefinement),1024,4,Float32,0.00015366200000000002,33.0,29.0016269474561
562fb67632441b6a0be5017ad86b36e8b2036fbc,false,2026-09-17T10:40:10+02:00,2026-09-17T10:40:30.538,iceshelf.fis.ucm.es,Intel(R) Xeon(R) W-2245 CPU @ 3.90GHz,,1.12.6,cpu,4,regrid!(LinearRefinement),1024,4,Float64,0.000157595,33.0,56.555702909356256
562fb67632441b6a0be5017ad86b36e8b2036fbc,false,2026-09-17T10:40:10+02:00,2026-09-17T10:40:30.538,iceshelf.fis.ucm.es,Intel(R) Xeon(R) W-2245 CPU @ 3.90GHz,,1.12.6,cpu,4,regrid!(LinearRefinement),4096,2,Float32,0.0077598860000000006,33.0,10.81022066561287
562fb67632441b6a0be5017ad86b36e8b2036fbc,false,2026-09-17T10:40:10+02:00,2026-09-17T10:40:30.538,iceshelf.fis.ucm.es,Intel(R) Xeon(R) W-2245 CPU @ 3.90GHz,,1.12.6,cpu,4,regrid!(LinearRefinement),4096,2,Float64,0.00948618,33.0,17.68595577988189
562fb67632441b6a0be5017ad86b36e8b2036fbc,false,2026-09-17T10:40:10+02:00,2026-09-17T10:40:30.538,iceshelf.fis.ucm.es,Intel(R) Xeon(R) W-2245 CPU @ 3.90GHz,,1.12.6,cpu,4,regrid!(LinearRefinement),4096,4,Float32,0.0030201990000000003,33.0,23.608764852912007
562fb67632441b6a0be5017ad86b36e8b2036fbc,false,2026-09-17T10:40:10+02:00,2026-09-17T10:40:30.538,iceshelf.fis.ucm.es,Intel(R) Xeon(R) W-2245 CPU @ 3.90GHz,,1.12.6,cpu,4,regrid!(LinearRefinement),4096,4,Float64,0.005652656000000001,33.0,25.228199982450725
562fb67632441b6a0be5017ad86b36e8b2036fbc,false,2026-09-17T10:40:10+02:00,2026-09-17T10:40:30.538,iceshelf.fis.ucm.es,Intel(R) Xeon(R) W-2245 CPU @ 3.90GHz,,1.12.6,cpu,4,regrid!(LinearRefinement) MinModLimiter,256,2,Float32,7.4189e-5,33.0,4.416827292455754
562fb67632441b6a0be5017ad86b36e8b2036fbc,false,2026-09-17T10:40:10+02:00,2026-09-17T10:40:30.538,iceshelf.fis.ucm.es,Intel(R) Xeon(R) W-2245 CPU @ 3.90GHz,,1.12.6,cpu,4,regrid!(LinearRefinement) MinModLimiter,256,2,Float64,5.1121e-5,33.0,12.819780520725338
562fb67632441b6a0be5017ad86b36e8b2036fbc,false,2026-09-17T10:40:10+02:00,2026-09-17T10:40:30.538,iceshelf.fis.ucm.es,Intel(R) Xeon(R) W-2245 CPU @ 3.90GHz,,1.12.6,cpu,4,regrid!(LinearRefinement) MinModLimiter,256,4,Float32,2.4237000000000002e-5,33.0,11.491851301728762
562fb67632441b6a0be5017ad86b36e8b2036fbc,false,2026-09-17T10:40:10+02:00,2026-09-17T10:40:30.538,iceshelf.fis.ucm.es,Intel(R) Xeon(R) W-2245 CPU @ 3.90GHz,,1.12.6,cpu,4,regrid!(LinearRefinement) MinModLimiter,256,4,Float64,2.4535e-5,33.0,22.704544528224982
562fb67632441b6a0be5017ad86b36e8b2036fbc,false,2026-09-17T10:40:10+02:00,2026-09-17T10:40:30.538,iceshelf.fis.ucm.es,Intel(R) Xeon(R) W-2245 CPU @ 3.90GHz,,1.12.6,cpu,4,regrid!(LinearRefinement) MinModLimiter,1024,2,Float32,0.0007031440000000001,33.0,7.456338957596167
562fb67632441b6a0be5017ad86b36e8b2036fbc,false,2026-09-17T10:40:10+02:00,2026-09-17T10:40:30.538,iceshelf.fis.ucm.es,Intel(R) Xeon(R) W-2245 CPU @ 3.90GHz,,1.12.6,cpu,4,regrid!(LinearRefinement) MinModLimiter,1024,2,Float64,0.00057498,33.0,18.2367386691711
562fb67632441b6a0be5017ad86b36e8b2036fbc,false,2026-09-17T10:40:10+02:00,2026-09-17T10:40:30.538,iceshelf.fis.ucm.es,Intel(R) Xeon(R) W-2245 CPU @ 3.90GHz,,1.12.6,cpu,4,regrid!(LinearRefinement) MinModLimiter,1024,4,Float32,0.000207371,33.0,21.49021801505514
562fb67632441b6a0be5017ad86b36e8b2036fbc,false,2026-09-17T10:40:10+02:00,2026-09-17T10:40:30.538,iceshelf.fis.ucm.es,Intel(R) Xeon(R) W-2245 CPU @ 3.90GHz,,1.12.6,cpu,4,regrid!(LinearRefinement) MinModLimiter,1024,4,Float64,0.000272027,33.0,32.76474761696449
562fb67632441b6a0be5017ad86b36e8b2036fbc,false,2026-09-17T10:40:10+02:00,2026-09-17T10:40:30.538,iceshelf.fis.ucm.es,Intel(R) Xeon(R) W-2245 CPU @ 3.90GHz,,1.12.6,cpu,4,regrid!(LinearRefinement) MinModLimiter,4096,2,Float32,0.017404131,33.0,4.819894770959837
562fb67632441b6a0be5017ad86b36e8b2036fbc,false,2026-09-17T10:40:10+02:00,2026-09-17T10:40:30.538,iceshelf.fis.ucm.es,Intel(R) Xeon(R) W-2245 CPU @ 3.90GHz,,1.12.6,cpu,4,regrid!(LinearRefinement) MinModLimiter,4096,2,Float64,0.018917711,33.0,8.868523258442842
562fb67632441b6a0be5017ad86b36e8b2036fbc,false,2026-09-17T10:40:10+02:00,2026-09-17T10:40:30.538,iceshelf.fis.ucm.es,Intel(R) Xeon(R) W-2245 CPU @ 3.90GHz,,1.12.6,cpu,4,regrid!(LinearRefinement) MinModLimiter,4096,4,Float32,0.004394892,33.0,16.224100159912915
562fb67632441b6a0be5017ad86b36e8b2036fbc,false,2026-09-17T10:40:10+02:00,2026-09-17T10:40:30.538,iceshelf.fis.ucm.es,Intel(R) Xeon(R) W-2245 CPU @ 3.90GHz,,1.12.6,cpu,4,regrid!(LinearRefinement) MinModLimiter,4096,4,Float64,0.005158945000000001,33.0,27.64253854227947
562fb67632441b6a0be5017ad86b36e8b2036fbc,false,2026-09-17T10:40:10+02:00,2026-09-17T10:40:30.538,iceshelf.fis.ucm.es,Intel(R) Xeon(R) W-2245 CPU @ 3.90GHz,,1.12.6,cpu,4,regrid!(BidirectionalRegridding) to coarse,256,2,Float32,9.3585e-6,33.0,35.0141582518566
562fb67632441b6a0be5017ad86b36e8b2036fbc,false,2026-09-17T10:40:10+02:00,2026-09-17T10:40:30.538,iceshelf.fis.ucm.es,Intel(R) Xeon(R) W-2245 CPU @ 3.90GHz,,1.12.6,cpu,4,regrid!(BidirectionalRegridding) to fine,256,2,Float32,3.6612e-5,33.0,8.95007101496777
562fb67632441b6a0be5017ad86b36e8b2036fbc,false,2026-09-17T10:40:10+02:00,2026-09-17T10:40:30.538,iceshelf.fis.ucm.es,Intel(R) Xeon(R) W-2245 CPU @ 3.90GHz,,1.12.6,cpu,4,regrid!(BidirectionalRegridding) to coarse,256,2,Float64,1.0413e-5,33.0,62.936713723230575
562fb67632441b6a0be5017ad86b36e8b2036fbc,false,2026-09-17T10:40:10+02:00,2026-09-17T10:40:30.538,iceshelf.fis.ucm.es,Intel(R) Xeon(R) W-2245 CPU @ 3.90GHz,,1.12.6,cpu,4,regrid!(BidirectionalRegridding) to fine,256,2,Float64,3.7294e-5,33.0,17.57279991419531
562fb67632441b6a0be5017ad86b36e8b2036fbc,false,2026-09-17T10:40:10+02:00,2026-09-17T10:40:30.538,iceshelf.fis.ucm.es,Intel(R) Xeon(R) W-2245 CPU @ 3.90GHz,,1.12.6,cpu,4,regrid!(BidirectionalRegridding) to coarse,256,4,Float32,8.754000000000001e-6,33.0,31.817226410783636
562fb67632441b6a0be5017ad86b36e8b2036fbc,false,2026-09-17T10:40:10+02:00,2026-09-17T10:40:30.538,iceshelf.fis.ucm.es,Intel(R) Xeon(R) W-2245 CPU @ 3.90GHz,,1.12.6,cpu,4,regrid!(BidirectionalRegridding) to fine,256,4,Float32,1.9231000000000003e-5,33.0,14.48328220061359
562fb67632441b6a0be5017ad86b36e8b2036fbc,false,2026-09-17T10:40:10+02:00,2026-09-17T10:40:30.538,iceshelf.fis.ucm.es,Intel(R) Xeon(R) W-2245 CPU @ 3.90GHz,,1.12.6,cpu,4,regrid!(BidirectionalRegridding) to coarse,256,4,Float64,1.0822e-5,33.0,51.474403991868414
562fb67632441b6a0be5017ad86b36e8b2036fbc,false,2026-09-17T10:40:10+02:00,2026-09-17T10:40:30.538,iceshelf.fis.ucm.es,Intel(R) Xeon(R) W-2245 CPU @ 3.90GHz,,1.12.6,cpu,4,regrid!(BidirectionalRegridding) to fine,256,4,Float64,2.0203000000000003e-5,33.0,27.57293471266643
562fb67632441b6a0be5017ad86b36e8b2036fbc,false,2026-09-17T10:40:10+02:00,2026-09-17T10:40:30.538,iceshelf.fis.ucm.es,Intel(R) Xeon(R) W-2245 CPU @ 3.90GHz,,1.12.6,cpu,4,regrid!(BidirectionalRegridding) to coarse,1024,2,Float32,5.05035e-5,33.0,103.81221103487877
562fb67632441b6a0be5017ad86b36e8b2036fbc,false,2026-09-17T10:40:10+02:00,2026-09-17T10:40:30.538,iceshelf.fis.ucm.es,Intel(R) Xeon(R) W-2245 CPU @ 3.90GHz,,1.12.6,cpu,4,regrid!(BidirectionalRegridding) to fine,1024,2,Float32,0.00031635,33.0,16.573036194088825
562fb67632441b6a0be5017ad86b36e8b2036fbc,false,2026-09-17T10:40:10+02:00,2026-09-17T10:40:30.538,iceshelf.fis.ucm.es,Intel(R) Xeon(R) W-2245 CPU @ 3.90GHz,,1.12.6,cpu,4,regrid!(BidirectionalRegridding) to coarse,1024,2,Float64,0.0001173,33.0,89.3926683716965
562fb67632441b6a0be5017ad86b36e8b2036fbc,false,2026-09-17T10:40:10+02:00,2026-09-17T10:40:30.538,iceshelf.fis.ucm.es,Intel(R) Xeon(R) W-2245 CPU @ 3.90GHz,,1.12.6,cpu,4,regrid!(BidirectionalRegridding) to fine,1024,2,Float64,0.0004179915,33.0,25.086060362471486
562fb67632441b6a0be5017ad86b36e8b2036fbc,false,2026-09-17T10:40:10+02:00,2026-09-17T10:40:30.538,iceshelf.fis.ucm.es,Intel(R) Xeon(R) W-2245 CPU @ 3.90GHz,,1.12.6,cpu,4,regrid!(BidirectionalRegridding) to coarse,1024,4,Float32,5.088e-5,33.0,87.5874213836478
562fb67632441b6a0be5017ad86b36e8b2036fbc,false,2026-09-17T10:40:10+02:00,2026-09-17T10:40:30.538,iceshelf.fis.ucm.es,Intel(R) Xeon(R) W-2245 CPU @ 3.90GHz,,1.12.6,cpu,4,regrid!(BidirectionalRegridding) to fine,1024,4,Float32,0.00016571050000000002,33.0,26.892972986020798
562fb67632441b6a0be5017ad86b36e8b2036fbc,false,2026-09-17T10:40:10+02:00,2026-09-17T10:40:30.538,iceshelf.fis.ucm.es,Intel(R) Xeon(R) W-2245 CPU @ 3.90GHz,,1.12.6,cpu,4,regrid!(BidirectionalRegridding) to coarse,1024,4,Float64,9.048700000000002e-5,33.0,98.49918772862398
562fb67632441b6a0be5017ad86b36e8b2036fbc,false,2026-09-17T10:40:10+02:00,2026-09-17T10:40:30.538,iceshelf.fis.ucm.es,Intel(R) Xeon(R) W-2245 CPU @ 3.90GHz,,1.12.6,cpu,4,regrid!(BidirectionalRegridding) to fine,1024,4,Float64,0.00017058900000000002,33.0,52.2477768203108
562fb67632441b6a0be5017ad86b36e8b2036fbc,false,2026-09-17T10:40:10+02:00,2026-09-17T10:40:30.538,iceshelf.fis.ucm.es,Intel(R) Xeon(R) W-2245 CPU @ 3.90GHz,,1.12.6,cpu,4,regrid!(BidirectionalRegridding) to coarse,4096,2,Float32,0.0020860025,33.0,40.21379648394476
562fb67632441b6a0be5017ad86b36e8b2036fbc,false,2026-09-17T10:40:10+02:00,2026-09-17T10:40:30.538,iceshelf.fis.ucm.es,Intel(R) Xeon(R) W-2245 CPU @ 3.90GHz,,1.12.6,cpu,4,regrid!(BidirectionalRegridding) to fine,4096,2,Float32,0.009463236,33.0,8.86441804896338
562fb67632441b6a0be5017ad86b36e8b2036fbc,false,2026-09-17T10:40:10+02:00,2026-09-17T10:40:30.538,iceshelf.fis.ucm.es,Intel(R) Xeon(R) W-2245 CPU @ 3.90GHz,,1.12.6,cpu,4,regrid!(BidirectionalRegridding) to coarse,4096,2,Float64,0.004180405,33.0,40.13299189911025
562fb67632441b6a0be5017ad86b36e8b2036fbc,false,2026-09-17T10:40:10+02:00,2026-09-17T10:40:30.538,iceshelf.fis.ucm.es,Intel(R) Xeon(R) W-2245 CPU @ 3.90GHz,,1.12.6,cpu,4,regrid!(BidirectionalRegridding) to fine,4096,2,Float64,0.0090562935,33.0,18.52547733794184
562fb67632441b6a0be5017ad86b36e8b2036fbc,false,2026-09-17T10:40:10+02:00,2026-09-17T10:40:30.538,iceshelf.fis.ucm.es,Intel(R) Xeon(R) W-2245 CPU @ 3.90GHz,,1.12.6,cpu,4,regrid!(BidirectionalRegridding) to coarse,4096,4,Float32,0.0015494375,33.0,46.01874422169335
562fb67632441b6a0be5017ad86b36e8b2036fbc,false,2026-09-17T10:40:10+02:00,2026-09-17T10:40:30.538,iceshelf.fis.ucm.es,Intel(R) Xeon(R) W-2245 CPU @ 3.90GHz,,1.12.6,cpu,4,regrid!(BidirectionalRegridding) to fine,4096,4,Float32,0.0026611335,33.0,26.794284465623388
562fb67632441b6a0be5017ad86b36e8b2036fbc,false,2026-09-17T10:40:10+02:00,2026-09-17T10:40:30.538,iceshelf.fis.ucm.es,Intel(R) Xeon(R) W-2245 CPU @ 3.90GHz,,1.12.6,cpu,4,regrid!(BidirectionalRegridding) to coarse,4096,4,Float64,0.0033659845000000004,33.0,42.36690216487924
562fb67632441b6a0be5017ad86b36e8b2036fbc,false,2026-09-17T10:40:10+02:00,2026-09-17T10:40:30.538,iceshelf.fis.ucm.es,Intel(R) Xeon(R) W-2245 CPU @ 3.90GHz,,1.12.6,cpu,4,regrid!(BidirectionalRegridding) to fine,4096,4,Float64,0.005351916,33.0,26.645847206869465
562fb67632441b6a0be5017ad86b36e8b2036fbc,false,2026-09-17T10:40:10+02:00,2026-09-17T10:40:30.538,iceshelf.fis.ucm.es,Intel(R) Xeon(R) W-2245 CPU @ 3.90GHz,,1.12.6,cpu,4,BidirectionalRegridding,256,2,Float64,6.9344e-5,474.0,NaN
562fb67632441b6a0be5017ad86b36e8b2036fbc,false,2026-09-17T10:40:10+02:00,2026-09-17T10:40:30.538,iceshelf.fis.ucm.es,Intel(R) Xeon(R) W-2245 CPU @ 3.90GHz,,1.12.6,cpu,4,BidirectionalRegridding,1024,2,Float64,6.9829e-5,474.0,NaN
562fb67632441b6a0be5017ad86b36e8b2036fbc,false,2026-09-17T10:40:10+02:00,2026-09-17T10:40:30.538,iceshelf.fis.ucm.es,Intel(R) Xeon(R) W-2245 CPU @ 3.90GHz,,1.12.6,cpu,4,BidirectionalRegridding,4096,2,Float64,6.9078e-5,474.0,NaN
562fb67632441b6a0be5017ad86b36e8b2036fbc,false,2026-09-17T10:40:10+02:00,2026-09-17T10:40:30.538,iceshelf.fis.ucm.es,Intel(R) Xeon(R) W-2245 CPU @ 3.90GHz,,1.12.6,cpu,4,Interpolations.jl Linear to fine,256,2,Float32,0.002260451,0.0,0.14496222214062593
562fb67632441b6a0be5017ad86b36e8b2036fbc,false,2026-09-17T10:40:10+02:00,2026-09-17T10:40:30.538,iceshelf.fis.ucm.es,Intel(R) Xeon(R) W-2245 CPU @ 3.90GHz,,1.12.6,cpu,4,Interpolations.jl Linear to fine,256,2,Float64,0.002113083,0.0,0.3101439933973252
562fb67632441b6a0be5017ad86b36e8b2036fbc,false,2026-09-17T10:40:10+02:00,2026-09-17T10:40:30.538,iceshelf.fis.ucm.es,Intel(R) Xeon(R) W-2245 CPU @ 3.90GHz,,1.12.6,cpu,4,Interpolations.jl Linear to fine,256,4,Float32,0.0022772350000000003,0.0,0.12230973087977304
562fb67632441b6a0be5017ad86b36e8b2036fbc,false,2026-09-17T10:40:10+02:00,2026-09-17T10:40:30.538,iceshelf.fis.ucm.es,Intel(R) Xeon(R) W-2245 CPU @ 3.90GHz,,1.12.6,cpu,4,Interpolations.jl Linear to fine,256,4,Float64,0.002115016,0.0,0.26338145905279203
562fb67632441b6a0be5017ad86b36e8b2036fbc,false,2026-09-17T10:40:10+02:00,2026-09-17T10:40:30.538,iceshelf.fis.ucm.es,Intel(R) Xeon(R) W-2245 CPU @ 3.90GHz,,1.12.6,cpu,4,Interpolations.jl Linear to fine,1024,2,Float32,0.036546268500000006,0.0,0.14345869537952963
562fb67632441b6a0be5017ad86b36e8b2036fbc,false,2026-09-17T10:40:10+02:00,2026-09-17T10:40:30.538,iceshelf.fis.ucm.es,Intel(R) Xeon(R) W-2245 CPU @ 3.90GHz,,1.12.6,cpu,4,Interpolations.jl Linear to fine,1024,2,Float64,0.0343635905,0.0,0.30514157128021885
562fb67632441b6a0be5017ad86b36e8b2036fbc,false,2026-09-17T10:40:10+02:00,2026-09-17T10:40:30.538,iceshelf.fis.ucm.es,Intel(R) Xeon(R) W-2245 CPU @ 3.90GHz,,1.12.6,cpu,4,Interpolations.jl Linear to fine,1024,4,Float32,0.036976314999999996,0.0,0.12052169070930947
562fb67632441b6a0be5017ad86b36e8b2036fbc,false,2026-09-17T10:40:10+02:00,2026-09-17T10:40:30.538,iceshelf.fis.ucm.es,Intel(R) Xeon(R) W-2245 CPU @ 3.90GHz,,1.12.6,cpu,4,Interpolations.jl Linear to fine,1024,4,Float64,0.034400737,0.0,0.2590902630952354
562fb67632441b6a0be5017ad86b36e8b2036fbc,false,2026-09-17T10:40:10+02:00,2026-09-17T10:40:30.538,iceshelf.fis.ucm.es,Intel(R) Xeon(R) W-2245 CPU @ 3.90GHz,,1.12.6,cpu,4,Interpolations.jl Linear to fine,4096,2,Float32,0.6943341645000001,0.0,0.12081514102133742
562fb67632441b6a0be5017ad86b36e8b2036fbc,false,2026-09-17T10:40:10+02:00,2026-09-17T10:40:30.538,iceshelf.fis.ucm.es,Intel(R) Xeon(R) W-2245 CPU @ 3.90GHz,,1.12.6,cpu,4,Interpolations.jl Linear to fine,4096,2,Float64,0.6145785735,0.0,0.27298732372745177
562fb67632441b6a0be5017ad86b36e8b2036fbc,false,2026-09-17T10:40:10+02:00,2026-09-17T10:40:30.538,iceshelf.fis.ucm.es,Intel(R) Xeon(R) W-2245 CPU @ 3.90GHz,,1.12.6,cpu,4,Interpolations.jl Linear to fine,4096,4,Float32,0.5797432060000001,0.0,0.1229909505830414
562fb67632441b6a0be5017ad86b36e8b2036fbc,false,2026-09-17T10:40:10+02:00,2026-09-17T10:40:30.538,iceshelf.fis.ucm.es,Intel(R) Xeon(R) W-2245 CPU @ 3.90GHz,,1.12.6,cpu,4,Interpolations.jl Linear to fine,4096,4,Float64,0.5448986760000001,0.0,0.26171165811384717
562fb67632441b6a0be5017ad86b36e8b2036fbc,false,2026-09-17T10:40:10+02:00,2026-09-17T10:40:30.538,iceshelf.fis.ucm.es,Intel(R) Xeon(R) W-2245 CPU @ 3.90GHz,,1.12.6,cpu,4,Interpolations.jl Constant to fine,256,2,Float32,0.0019057625000000003,0.0,0.17194167688785983
562fb67632441b6a0be5017ad86b36e8b2036fbc,false,2026-09-17T10:40:10+02:00,2026-09-17T10:40:30.538,iceshelf.fis.ucm.es,Intel(R) Xeon(R) W-2245 CPU @ 3.90GHz,,1.12.6,cpu,4,Interpolations.jl Constant to fine,256,2,Float64,0.001919785,0.0,0.34137155983612744
562fb67632441b6a0be5017ad86b36e8b2036fbc,false,2026-09-17T10:40:10+02:00,2026-09-17T10:40:30.538,iceshelf.fis.ucm.es,Intel(R) Xeon(R) W-2245 CPU @ 3.90GHz,,1.12.6,cpu,4,Interpolations.jl Constant to fine,256,4,Float32,0.001903935,0.0,0.1462907084538075
562fb67632441b6a0be5017ad86b36e8b2036fbc,false,2026-09-17T10:40:10+02:00,2026-09-17T10:40:30.538,iceshelf.fis.ucm.es,Intel(R) Xeon(R) W-2245 CPU @ 3.90GHz,,1.12.6,cpu,4,Interpolations.jl Constant to fine,256,4,Float64,0.0019115610000000002,0.0,0.29141418976428163
562fb67632441b6a0be5017ad86b36e8b2036fbc,false,2026-09-17T10:40:10+02:00,2026-09-17T10:40:30.538,iceshelf.fis.ucm.es,Intel(R) Xeon(R) W-2245 CPU @ 3.90GHz,,1.12.6,cpu,4,Interpolations.jl Constant to fine,1024,2,Float32,0.030650322,0.0,0.17105464666896483
562fb67632441b6a0be5017ad86b36e8b2036fbc,false,2026-09-17T10:40:10+02:00,2026-09-17T10:40:30.538,iceshelf.fis.ucm.es,Intel(R) Xeon(R) W-2245 CPU @ 3.90GHz,,1.12.6,cpu,4,Interpolations.jl Constant to fine,1024,2,Float64,0.030876920000000002,0.0,0.3395986387243287
562fb67632441b6a0be5017ad86b36e8b2036fbc,false,2026-09-17T10:40:10+02:00,2026-09-17T10:40:30.538,iceshelf.fis.ucm.es,Intel(R) Xeon(R) W-2245 CPU @ 3.90GHz,,1.12.6,cpu,4,Interpolations.jl Constant to fine,1024,4,Float32,0.030545596,0.0,0.14589494341508347
562fb67632441b6a0be5017ad86b36e8b2036fbc,false,2026-09-17T10:40:10+02:00,2026-09-17T10:40:30.538,iceshelf.fis.ucm.es,Intel(R) Xeon(R) W-2245 CPU @ 3.90GHz,,1.12.6,cpu,4,Interpolations.jl Constant to fine,1024,4,Float64,0.030706414,0.0,0.2902617023270773
562fb67632441b6a0be5017ad86b36e8b2036fbc,false,2026-09-17T10:40:10+02:00,2026-09-17T10:40:30.538,iceshelf.fis.ucm.es,Intel(R) Xeon(R) W-2245 CPU @ 3.90GHz,,1.12.6,cpu,4,Interpolations.jl Constant to fine,4096,2,Float32,0.490783124,0.0,0.1709229105440879
562fb67632441b6a0be5017ad86b36e8b2036fbc,false,2026-09-17T10:40:10+02:00,2026-09-17T10:40:30.538,iceshelf.fis.ucm.es,Intel(R) Xeon(R) W-2245 CPU @ 3.90GHz,,1.12.6,cpu,4,Interpolations.jl Constant to fine,4096,2,Float64,0.495341945,0.0,0.3386996835085307
562fb67632441b6a0be5017ad86b36e8b2036fbc,false,2026-09-17T10:40:10+02:00,2026-09-17T10:40:30.538,iceshelf.fis.ucm.es,Intel(R) Xeon(R) W-2245 CPU @ 3.90GHz,,1.12.6,cpu,4,Interpolations.jl Constant to fine,4096,4,Float32,0.508600366,0.0,0.14019488141697484
562fb67632441b6a0be5017ad86b36e8b2036fbc,false,2026-09-17T10:40:10+02:00,2026-09-17T10:40:30.538,iceshelf.fis.ucm.es,Intel(R) Xeon(R) W-2245 CPU @ 3.90GHz,,1.12.6,cpu,4,Interpolations.jl Constant to fine,4096,4,Float64,0.493372613,0.0,0.2890438833498851
562fb67632441b6a0be5017ad86b36e8b2036fbc,false,2026-09-17T10:40:10+02:00,2026-09-17T10:40:30.538,iceshelf.fis.ucm.es,Intel(R) Xeon(R) W-2245 CPU @ 3.90GHz,,1.12.6,cpu,4,Interpolations.jl Linear to coarse,256,2,Float32,0.0005731390000000001,0.0,0.5717286731490964
562fb67632441b6a0be5017ad86b36e8b2036fbc,false,2026-09-17T10:40:10+02:00,2026-09-17T10:40:30.538,iceshelf.fis.ucm.es,Intel(R) Xeon(R) W-2245 CPU @ 3.90GHz,,1.12.6,cpu,4,Interpolations.jl Linear to coarse,256,2,Float64,0.000525032,0.0,1.2482286793947797
562fb67632441b6a0be5017ad86b36e8b2036fbc,false,2026-09-17T10:40:10+02:00,2026-09-17T10:40:30.538,iceshelf.fis.ucm.es,Intel(R) Xeon(R) W-2245 CPU @ 3.90GHz,,1.12.6,cpu,4,Interpolations.jl Linear to coarse,256,4,Float32,0.000141105,0.0,1.9739059565571735
562fb67632441b6a0be5017ad86b36e8b2036fbc,false,2026-09-17T10:40:10+02:00,2026-09-17T10:40:30.538,iceshelf.fis.ucm.es,Intel(R) Xeon(R) W-2245 CPU @ 3.90GHz,,1.12.6,cpu,4,Interpolations.jl Linear to coarse,256,4,Float64,0.000131344,0.0,4.241198684370812
562fb67632441b6a0be5017ad86b36e8b2036fbc,false,2026-09-17T10:40:10+02:00,2026-09-17T10:40:30.538,iceshelf.fis.ucm.es,Intel(R) Xeon(R) W-2245 CPU @ 3.90GHz,,1.12.6,cpu,4,Interpolations.jl Linear to coarse,1024,2,Float32,0.009229342500000001,0.0,0.5680664684401948
562fb67632441b6a0be5017ad86b36e8b2036fbc,false,2026-09-17T10:40:10+02:00,2026-09-17T10:40:30.538,iceshelf.fis.ucm.es,Intel(R) Xeon(R) W-2245 CPU @ 3.90GHz,,1.12.6,cpu,4,Interpolations.jl Linear to coarse,1024,2,Float64,0.008456521,0.0,1.2399614451380183
562fb67632441b6a0be5017ad86b36e8b2036fbc,false,2026-09-17T10:40:10+02:00,2026-09-17T10:40:30.538,iceshelf.fis.ucm.es,Intel(R) Xeon(R) W-2245 CPU @ 3.90GHz,,1.12.6,cpu,4,Interpolations.jl Linear to coarse,1024,4,Float32,0.0022779510000000003,0.0,1.956340588537681
562fb67632441b6a0be5017ad86b36e8b2036fbc,false,2026-09-17T10:40:10+02:00,2026-09-17T10:40:30.538,iceshelf.fis.ucm.es,Intel(R) Xeon(R) W-2245 CPU @ 3.90GHz,,1.12.6,cpu,4,Interpolations.jl Linear to coarse,1024,4,Float64,0.0021170555000000002,0.0,4.210043619546109
562fb67632441b6a0be5017ad86b36e8b2036fbc,false,2026-09-17T10:40:10+02:00,2026-09-17T10:40:30.538,iceshelf.fis.ucm.es,Intel(R) Xeon(R) W-2245 CPU @ 3.90GHz,,1.12.6,cpu,4,Interpolations.jl Linear to coarse,4096,2,Float32,0.148383239,0.0,0.565333932358762
562fb67632441b6a0be5017ad86b36e8b2036fbc,false,2026-09-17T10:40:10+02:00,2026-09-17T10:40:30.538,iceshelf.fis.ucm.es,Intel(R) Xeon(R) W-2245 CPU @ 3.90GHz,,1.12.6,cpu,4,Interpolations.jl Linear to coarse,4096,2,Float64,0.13500398400000002,0.0,1.2427200666907725
562fb67632441b6a0be5017ad86b36e8b2036fbc,false,2026-09-17T10:40:10+02:00,2026-09-17T10:40:30.538,iceshelf.fis.ucm.es,Intel(R) Xeon(R) W-2245 CPU @ 3.90GHz,,1.12.6,cpu,4,Interpolations.jl Linear to coarse,4096,4,Float32,0.03739433,0.0,1.9067908958390214
562fb67632441b6a0be5017ad86b36e8b2036fbc,false,2026-09-17T10:40:10+02:00,2026-09-17T10:40:30.538,iceshelf.fis.ucm.es,Intel(R) Xeon(R) W-2245 CPU @ 3.90GHz,,1.12.6,cpu,4,Interpolations.jl Linear to coarse,4096,4,Float64,0.0342897225,0.0,4.158865269323774
562fb67632441b6a0be5017ad86b36e8b2036fbc,false,2026-09-17T10:40:10+02:00,2026-09-17T10:40:30.538,iceshelf.fis.ucm.es,Intel(R) Xeon(R) W-2245 CPU @ 3.90GHz,NVIDIA RTX A4000,1.12.6,cuda,1,regrid!(IdentityRegridding),256,1,Float32,7.177250000000001e-6,2.0,73.04859103417046
562fb67632441b6a0be5017ad86b36e8b2036fbc,false,2026-09-17T10:40:10+02:00,2026-09-17T10:40:30.538,iceshelf.fis.ucm.es,Intel(R) Xeon(R) W-2245 CPU @ 3.90GHz,NVIDIA RTX A4000,1.12.6,cuda,1,regrid!(IdentityRegridding),256,1,Float64,7.747666666666667e-6,2.0,135.34087682312952
562fb67632441b6a0be5017ad86b36e8b2036fbc,false,2026-09-17T10:40:10+02:00,2026-09-17T10:40:30.538,iceshelf.fis.ucm.es,Intel(R) Xeon(R) W-2245 CPU @ 3.90GHz,NVIDIA RTX A4000,1.12.6,cuda,1,regrid!(IdentityRegridding),1024,1,Float32,2.9183e-5,2.0,287.4484460130898
562fb67632441b6a0be5017ad86b36e8b2036fbc,false,2026-09-17T10:40:10+02:00,2026-09-17T10:40:30.538,iceshelf.fis.ucm.es,Intel(R) Xeon(R) W-2245 CPU @ 3.90GHz,NVIDIA RTX A4000,1.12.6,cuda,1,regrid!(IdentityRegridding),1024,1,Float64,5.2028000000000004e-5,2.0,322.46513415852996
562fb67632441b6a0be5017ad86b36e8b2036fbc,false,2026-09-17T10:40:10+02:00,2026-09-17T10:40:30.538,iceshelf.fis.ucm.es,Intel(R) Xeon(R) W-2245 CPU @ 3.90GHz,NVIDIA RTX A4000,1.12.6,cuda,1,regrid!(IdentityRegridding),4096,1,Float32,0.000368676,2.0,364.0533368052165
562fb67632441b6a0be5017ad86b36e8b2036fbc,false,2026-09-17T10:40:10+02:00,2026-09-17T10:40:30.538,iceshelf.fis.ucm.es,Intel(R) Xeon(R) W-2245 CPU @ 3.90GHz,NVIDIA RTX A4000,1.12.6,cuda,1,regrid!(IdentityRegridding),4096,1,Float64,0.000730438,2.0,367.4993031578313
562fb67632441b6a0be5017ad86b36e8b2036fbc,false,2026-09-17T10:40:10+02:00,2026-09-17T10:40:30.538,iceshelf.fis.ucm.es,Intel(R) Xeon(R) W-2245 CPU @ 3.90GHz,NVIDIA RTX A4000,1.12.6,cuda,1,regrid!(AverageCoarsening),256,2,Float32,1.0005e-5,40.0,32.751624187906046
562fb67632441b6a0be5017ad86b36e8b2036fbc,false,2026-09-17T10:40:10+02:00,2026-09-17T10:40:30.538,iceshelf.fis.ucm.es,Intel(R) Xeon(R) W-2245 CPU @ 3.90GHz,NVIDIA RTX A4000,1.12.6,cuda,1,regrid!(AverageCoarsening),256,2,Float64,1.12035e-5,40.0,58.496005712500555
562fb67632441b6a0be5017ad86b36e8b2036fbc,false,2026-09-17T10:40:10+02:00,2026-09-17T10:40:30.538,iceshelf.fis.ucm.es,Intel(R) Xeon(R) W-2245 CPU @ 3.90GHz,NVIDIA RTX A4000,1.12.6,cuda,1,regrid!(AverageCoarsening),256,4,Float32,1.0764e-5,40.0,25.875882571534746
562fb67632441b6a0be5017ad86b36e8b2036fbc,false,2026-09-17T10:40:10+02:00,2026-09-17T10:40:30.538,iceshelf.fis.ucm.es,Intel(R) Xeon(R) W-2245 CPU @ 3.90GHz,NVIDIA RTX A4000,1.12.6,cuda,1,regrid!(AverageCoarsening),256,4,Float64,1.4148e-5,40.0,39.373480350579584
562fb67632441b6a0be5017ad86b36e8b2036fbc,false,2026-09-17T10:40:10+02:00,2026-09-17T10:40:30.538,iceshelf.fis.ucm.es,Intel(R) Xeon(R) W-2245 CPU @ 3.90GHz,NVIDIA RTX A4000,1.12.6,cuda,1,regrid!(AverageCoarsening),1024,2,Float32,2.3138e-5,45.0,226.5917538248768
562fb67632441b6a0be5017ad86b36e8b2036fbc,false,2026-09-17T10:40:10+02:00,2026-09-17T10:40:30.538,iceshelf.fis.ucm.es,Intel(R) Xeon(R) W-2245 CPU @ 3.90GHz,NVIDIA RTX A4000,1.12.6,cuda,1,regrid!(AverageCoarsening),1024,2,Float64,3.7661000000000004e-5,45.0,278.4248957807811
562fb67632441b6a0be5017ad86b36e8b2036fbc,false,2026-09-17T10:40:10+02:00,2026-09-17T10:40:30.538,iceshelf.fis.ucm.es,Intel(R) Xeon(R) W-2245 CPU @ 3.90GHz,NVIDIA RTX A4000,1.12.6,cuda,1,regrid!(AverageCoarsening),1024,4,Float32,1.7413e-5,40.0,255.92649170160223
562fb67632441b6a0be5017ad86b36e8b2036fbc,false,2026-09-17T10:40:10+02:00,2026-09-17T10:40:30.538,iceshelf.fis.ucm.es,Intel(R) Xeon(R) W-2245 CPU @ 3.90GHz,NVIDIA RTX A4000,1.12.6,cuda,1,regrid!(AverageCoarsening),1024,4,Float64,3.5201000000000004e-5,40.0,253.20007954319476
562fb67632441b6a0be5017ad86b36e8b2036fbc,false,2026-09-17T10:40:10+02:00,2026-09-17T10:40:30.538,iceshelf.fis.ucm.es,Intel(R) Xeon(R) W-2245 CPU @ 3.90GHz,NVIDIA RTX A4000,1.12.6,cuda,1,regrid!(AverageCoarsening),4096,2,Float32,0.00023447850000000002,45.0,357.7559563030299
562fb67632441b6a0be5017ad86b36e8b2036fbc,false,2026-09-17T10:40:10+02:00,2026-09-17T10:40:30.538,iceshelf.fis.ucm.es,Intel(R) Xeon(R) W-2245 CPU @ 3.90GHz,NVIDIA RTX A4000,1.12.6,cuda,1,regrid!(AverageCoarsening),4096,2,Float64,0.00045015500000000004,45.0,372.6986482433828
562fb67632441b6a0be5017ad86b36e8b2036fbc,false,2026-09-17T10:40:10+02:00,2026-09-17T10:40:30.538,iceshelf.fis.ucm.es,Intel(R) Xeon(R) W-2245 CPU @ 3.90GHz,NVIDIA RTX A4000,1.12.6,cuda,1,regrid!(AverageCoarsening),4096,4,Float32,0.00019941750000000003,45.0,357.5572254190329
562fb67632441b6a0be5017ad86b36e8b2036fbc,false,2026-09-17T10:40:10+02:00,2026-09-17T10:40:30.538,iceshelf.fis.ucm.es,Intel(R) Xeon(R) W-2245 CPU @ 3.90GHz,NVIDIA RTX A4000,1.12.6,cuda,1,regrid!(AverageCoarsening),4096,4,Float64,0.00039651300000000003,45.0,359.6510984507443
562fb67632441b6a0be5017ad86b36e8b2036fbc,false,2026-09-17T10:40:10+02:00,2026-09-17T10:40:30.538,iceshelf.fis.ucm.es,Intel(R) Xeon(R) W-2245 CPU @ 3.90GHz,NVIDIA RTX A4000,1.12.6,cuda,1,regrid!(AverageCoarsening) weighted,256,2,Float32,1.1915500000000001e-5,44.0,27.500314716126052
562fb67632441b6a0be5017ad86b36e8b2036fbc,false,2026-09-17T10:40:10+02:00,2026-09-17T10:40:30.538,iceshelf.fis.ucm.es,Intel(R) Xeon(R) W-2245 CPU @ 3.90GHz,NVIDIA RTX A4000,1.12.6,cuda,1,regrid!(AverageCoarsening) weighted,256,2,Float64,1.2551e-5,44.0,52.215759700422275
562fb67632441b6a0be5017ad86b36e8b2036fbc,false,2026-09-17T10:40:10+02:00,2026-09-17T10:40:30.538,iceshelf.fis.ucm.es,Intel(R) Xeon(R) W-2245 CPU @ 3.90GHz,NVIDIA RTX A4000,1.12.6,cuda,1,regrid!(AverageCoarsening) weighted,256,4,Float32,1.5079e-5,44.0,18.471251409244644
562fb67632441b6a0be5017ad86b36e8b2036fbc,false,2026-09-17T10:40:10+02:00,2026-09-17T10:40:30.538,iceshelf.fis.ucm.es,Intel(R) Xeon(R) W-2245 CPU @ 3.90GHz,NVIDIA RTX A4000,1.12.6,cuda,1,regrid!(AverageCoarsening) weighted,256,4,Float64,1.5537e-5,44.0,35.85351097380447
562fb67632441b6a0be5017ad86b36e8b2036fbc,false,2026-09-17T10:40:10+02:00,2026-09-17T10:40:30.538,iceshelf.fis.ucm.es,Intel(R) Xeon(R) W-2245 CPU @ 3.90GHz,NVIDIA RTX A4000,1.12.6,cuda,1,regrid!(AverageCoarsening) weighted,1024,2,Float32,5.1116e-5,49.0,102.56827607794037
562fb67632441b6a0be5017ad86b36e8b2036fbc,false,2026-09-17T10:40:10+02:00,2026-09-17T10:40:30.538,iceshelf.fis.ucm.es,Intel(R) Xeon(R) W-2245 CPU @ 3.90GHz,NVIDIA RTX A4000,1.12.6,cuda,1,regrid!(AverageCoarsening) weighted,1024,2,Float64,6.520400000000001e-5,49.0,160.81467394638364
562fb67632441b6a0be5017ad86b36e8b2036fbc,false,2026-09-17T10:40:10+02:00,2026-09-17T10:40:30.538,iceshelf.fis.ucm.es,Intel(R) Xeon(R) W-2245 CPU @ 3.90GHz,NVIDIA RTX A4000,1.12.6,cuda,1,regrid!(AverageCoarsening) weighted,1024,4,Float32,4.619e-5,44.0,96.48079670924442
562fb67632441b6a0be5017ad86b36e8b2036fbc,false,2026-09-17T10:40:10+02:00,2026-09-17T10:40:30.538,iceshelf.fis.ucm.es,Intel(R) Xeon(R) W-2245 CPU @ 3.90GHz,NVIDIA RTX A4000,1.12.6,cuda,1,regrid!(AverageCoarsening) weighted,1024,4,Float64,6.1815e-5,44.0,144.18662137021758
562fb67632441b6a0be5017ad86b36e8b2036fbc,false,2026-09-17T10:40:10+02:00,2026-09-17T10:40:30.538,iceshelf.fis.ucm.es,Intel(R) Xeon(R) W-2245 CPU @ 3.90GHz,NVIDIA RTX A4000,1.12.6,cuda,1,regrid!(AverageCoarsening) weighted,4096,2,Float32,0.0006842035,49.0,122.60399135637277
562fb67632441b6a0be5017ad86b36e8b2036fbc,false,2026-09-17T10:40:10+02:00,2026-09-17T10:40:30.538,iceshelf.fis.ucm.es,Intel(R) Xeon(R) W-2245 CPU @ 3.90GHz,NVIDIA RTX A4000,1.12.6,cuda,1,regrid!(AverageCoarsening) weighted,4096,2,Float64,0.0008957930000000001,49.0,187.28898305746972
562fb67632441b6a0be5017ad86b36e8b2036fbc,false,2026-09-17T10:40:10+02:00,2026-09-17T10:40:30.538,iceshelf.fis.ucm.es,Intel(R) Xeon(R) W-2245 CPU @ 3.90GHz,NVIDIA RTX A4000,1.12.6,cuda,1,regrid!(AverageCoarsening) weighted,4096,4,Float32,0.000588992,49.0,121.05965446050202
562fb67632441b6a0be5017ad86b36e8b2036fbc,false,2026-09-17T10:40:10+02:00,2026-09-17T10:40:30.538,iceshelf.fis.ucm.es,Intel(R) Xeon(R) W-2245 CPU @ 3.90GHz,NVIDIA RTX A4000,1.12.6,cuda,1,regrid!(AverageCoarsening) weighted,4096,4,Float64,0.0007937835000000001,49.0,179.65394342412003
562fb67632441b6a0be5017ad86b36e8b2036fbc,false,2026-09-17T10:40:10+02:00,2026-09-17T10:40:30.538,iceshelf.fis.ucm.es,Intel(R) Xeon(R) W-2245 CPU @ 3.90GHz,NVIDIA RTX A4000,1.12.6,cuda,1,regrid!(ConstantRefinement),256,2,Float32,9.427000000000001e-6,38.0,34.75973268271984
562fb67632441b6a0be5017ad86b36e8b2036fbc,false,2026-09-17T10:40:10+02:00,2026-09-17T10:40:30.538,iceshelf.fis.ucm.es,Intel(R) Xeon(R) W-2245 CPU @ 3.90GHz,NVIDIA RTX A4000,1.12.6,cuda,1,regrid!(ConstantRefinement),256,2,Float64,1.0359e-5,38.0,63.264793899025
562fb67632441b6a0be5017ad86b36e8b2036fbc,false,2026-09-17T10:40:10+02:00,2026-09-17T10:40:30.538,iceshelf.fis.ucm.es,Intel(R) Xeon(R) W-2245 CPU @ 3.90GHz,NVIDIA RTX A4000,1.12.6,cuda,1,regrid!(ConstantRefinement),256,4,Float32,1.3462000000000001e-5,38.0,20.689942059129397
562fb67632441b6a0be5017ad86b36e8b2036fbc,false,2026-09-17T10:40:10+02:00,2026-09-17T10:40:30.538,iceshelf.fis.ucm.es,Intel(R) Xeon(R) W-2245 CPU @ 3.90GHz,NVIDIA RTX A4000,1.12.6,cuda,1,regrid!(ConstantRefinement),256,4,Float64,1.7645e-5,38.0,31.57018985548314
562fb67632441b6a0be5017ad86b36e8b2036fbc,false,2026-09-17T10:40:10+02:00,2026-09-17T10:40:30.538,iceshelf.fis.ucm.es,Intel(R) Xeon(R) W-2245 CPU @ 3.90GHz,NVIDIA RTX A4000,1.12.6,cuda,1,regrid!(ConstantRefinement),1024,2,Float32,2.3241e-5,43.0,225.58753926251023
562fb67632441b6a0be5017ad86b36e8b2036fbc,false,2026-09-17T10:40:10+02:00,2026-09-17T10:40:30.538,iceshelf.fis.ucm.es,Intel(R) Xeon(R) W-2245 CPU @ 3.90GHz,NVIDIA RTX A4000,1.12.6,cuda,1,regrid!(ConstantRefinement),1024,2,Float64,3.6865e-5,43.0,284.4367286043673
562fb67632441b6a0be5017ad86b36e8b2036fbc,false,2026-09-17T10:40:10+02:00,2026-09-17T10:40:30.538,iceshelf.fis.ucm.es,Intel(R) Xeon(R) W-2245 CPU @ 3.90GHz,NVIDIA RTX A4000,1.12.6,cuda,1,regrid!(ConstantRefinement),1024,4,Float32,2.4771e-5,38.0,179.90585765613017
562fb67632441b6a0be5017ad86b36e8b2036fbc,false,2026-09-17T10:40:10+02:00,2026-09-17T10:40:30.538,iceshelf.fis.ucm.es,Intel(R) Xeon(R) W-2245 CPU @ 3.90GHz,NVIDIA RTX A4000,1.12.6,cuda,1,regrid!(ConstantRefinement),1024,4,Float64,4.5119e-5,38.0,197.54196679890956
562fb67632441b6a0be5017ad86b36e8b2036fbc,false,2026-09-17T10:40:10+02:00,2026-09-17T10:40:30.538,iceshelf.fis.ucm.es,Intel(R) Xeon(R) W-2245 CPU @ 3.90GHz,NVIDIA RTX A4000,1.12.6,cuda,1,regrid!(ConstantRefinement),4096,2,Float32,0.00023439450000000003,43.0,357.88416537077444
562fb67632441b6a0be5017ad86b36e8b2036fbc,false,2026-09-17T10:40:10+02:00,2026-09-17T10:40:30.538,iceshelf.fis.ucm.es,Intel(R) Xeon(R) W-2245 CPU @ 3.90GHz,NVIDIA RTX A4000,1.12.6,cuda,1,regrid!(ConstantRefinement),4096,2,Float64,0.00046768000000000005,43.0,358.7328087581252
562fb67632441b6a0be5017ad86b36e8b2036fbc,false,2026-09-17T10:40:10+02:00,2026-09-17T10:40:30.538,iceshelf.fis.ucm.es,Intel(R) Xeon(R) W-2245 CPU @ 3.90GHz,NVIDIA RTX A4000,1.12.6,cuda,1,regrid!(ConstantRefinement),4096,4,Float32,0.000216049,43.0,330.03239080023513
562fb67632441b6a0be5017ad86b36e8b2036fbc,false,2026-09-17T10:40:10+02:00,2026-09-17T10:40:30.538,iceshelf.fis.ucm.es,Intel(R) Xeon(R) W-2245 CPU @ 3.90GHz,NVIDIA RTX A4000,1.12.6,cuda,1,regrid!(ConstantRefinement),4096,4,Float64,0.000542184,43.0,263.02202942174614
562fb67632441b6a0be5017ad86b36e8b2036fbc,false,2026-09-17T10:40:10+02:00,2026-09-17T10:40:30.538,iceshelf.fis.ucm.es,Intel(R) Xeon(R) W-2245 CPU @ 3.90GHz,NVIDIA RTX A4000,1.12.6,cuda,1,regrid!(LinearRefinement),256,2,Float32,1.0120333333333334e-5,40.0,32.3783801587563
562fb67632441b6a0be5017ad86b36e8b2036fbc,false,2026-09-17T10:40:10+02:00,2026-09-17T10:40:30.538,iceshelf.fis.ucm.es,Intel(R) Xeon(R) W-2245 CPU @ 3.90GHz,NVIDIA RTX A4000,1.12.6,cuda,1,regrid!(LinearRefinement),256,2,Float64,1.464e-5,40.0,44.76502732240437
562fb67632441b6a0be5017ad86b36e8b2036fbc,false,2026-09-17T10:40:10+02:00,2026-09-17T10:40:30.538,iceshelf.fis.ucm.es,Intel(R) Xeon(R) W-2245 CPU @ 3.90GHz,NVIDIA RTX A4000,1.12.6,cuda,1,regrid!(LinearRefinement),256,4,Float32,1.3711000000000001e-5,40.0,20.31420027714973
562fb67632441b6a0be5017ad86b36e8b2036fbc,false,2026-09-17T10:40:10+02:00,2026-09-17T10:40:30.538,iceshelf.fis.ucm.es,Intel(R) Xeon(R) W-2245 CPU @ 3.90GHz,NVIDIA RTX A4000,1.12.6,cuda,1,regrid!(LinearRefinement),256,4,Float64,2.4262000000000003e-5,40.0,22.9600197840244
562fb67632441b6a0be5017ad86b36e8b2036fbc,false,2026-09-17T10:40:10+02:00,2026-09-17T10:40:30.538,iceshelf.fis.ucm.es,Intel(R) Xeon(R) W-2245 CPU @ 3.90GHz,NVIDIA RTX A4000,1.12.6,cuda,1,regrid!(LinearRefinement),1024,2,Float32,2.3638000000000003e-5,45.0,221.7987985447161
562fb67632441b6a0be5017ad86b36e8b2036fbc,false,2026-09-17T10:40:10+02:00,2026-09-17T10:40:30.538,iceshelf.fis.ucm.es,Intel(R) Xeon(R) W-2245 CPU @ 3.90GHz,NVIDIA RTX A4000,1.12.6,cuda,1,regrid!(LinearRefinement),1024,2,Float64,4.6654000000000004e-5,45.0,224.7558623054829
562fb67632441b6a0be5017ad86b36e8b2036fbc,false,2026-09-17T10:40:10+02:00,2026-09-17T10:40:30.538,iceshelf.fis.ucm.es,Intel(R) Xeon(R) W-2245 CPU @ 3.90GHz,NVIDIA RTX A4000,1.12.6,cuda,1,regrid!(LinearRefinement),1024,4,Float32,2.6382000000000003e-5,40.0,168.92002122659386
562fb67632441b6a0be5017ad86b36e8b2036fbc,false,2026-09-17T10:40:10+02:00,2026-09-17T10:40:30.538,iceshelf.fis.ucm.es,Intel(R) Xeon(R) W-2245 CPU @ 3.90GHz,NVIDIA RTX A4000,1.12.6,cuda,1,regrid!(LinearRefinement),1024,4,Float64,5.2974000000000005e-5,40.0,168.25038698229318
562fb67632441b6a0be5017ad86b36e8b2036fbc,false,2026-09-17T10:40:10+02:00,2026-09-17T10:40:30.538,iceshelf.fis.ucm.es,Intel(R) Xeon(R) W-2245 CPU @ 3.90GHz,NVIDIA RTX A4000,1.12.6,cuda,1,regrid!(LinearRefinement),4096,2,Float32,0.00023672300000000002,45.0,354.363876767361
562fb67632441b6a0be5017ad86b36e8b2036fbc,false,2026-09-17T10:40:10+02:00,2026-09-17T10:40:30.538,iceshelf.fis.ucm.es,Intel(R) Xeon(R) W-2245 CPU @ 3.90GHz,NVIDIA RTX A4000,1.12.6,cuda,1,regrid!(LinearRefinement),4096,2,Float64,0.000677305,45.0,247.70547980599582
562fb67632441b6a0be5017ad86b36e8b2036fbc,false,2026-09-17T10:40:10+02:00,2026-09-17T10:40:30.538,iceshelf.fis.ucm.es,Intel(R) Xeon(R) W-2245 CPU @ 3.90GHz,NVIDIA RTX A4000,1.12.6,cuda,1,regrid!(LinearRefinement),4096,4,Float32,0.0002232615,45.0,319.37063936236206
562fb67632441b6a0be5017ad86b36e8b2036fbc,false,2026-09-17T10:40:10+02:00,2026-09-17T10:40:30.538,iceshelf.fis.ucm.es,Intel(R) Xeon(R) W-2245 CPU @ 3.90GHz,NVIDIA RTX A4000,1.12.6,cuda,1,regrid!(LinearRefinement),4096,4,Float64,0.0005369405,45.0,265.5905747471088
562fb67632441b6a0be5017ad86b36e8b2036fbc,false,2026-09-17T10:40:10+02:00,2026-09-17T10:40:30.538,iceshelf.fis.ucm.es,Intel(R) Xeon(R) W-2245 CPU @ 3.90GHz,NVIDIA RTX A4000,1.12.6,cuda,1,regrid!(LinearRefinement) MinModLimiter,256,2,Float32,1.0135500000000001e-5,40.0,32.329929455872914
562fb67632441b6a0be5017ad86b36e8b2036fbc,false,2026-09-17T10:40:10+02:00,2026-09-17T10:40:30.538,iceshelf.fis.ucm.es,Intel(R) Xeon(R) W-2245 CPU @ 3.90GHz,NVIDIA RTX A4000,1.12.6,cuda,1,regrid!(LinearRefinement) MinModLimiter,256,2,Float64,2.1837e-5,40.0,30.01144845903741
562fb67632441b6a0be5017ad86b36e8b2036fbc,false,2026-09-17T10:40:10+02:00,2026-09-17T10:40:30.538,iceshelf.fis.ucm.es,Intel(R) Xeon(R) W-2245 CPU @ 3.90GHz,NVIDIA RTX A4000,1.12.6,cuda,1,regrid!(LinearRefinement) MinModLimiter,256,4,Float32,1.4446e-5,40.0,19.280631316627442
562fb67632441b6a0be5017ad86b36e8b2036fbc,false,2026-09-17T10:40:10+02:00,2026-09-17T10:40:30.538,iceshelf.fis.ucm.es,Intel(R) Xeon(R) W-2245 CPU @ 3.90GHz,NVIDIA RTX A4000,1.12.6,cuda,1,regrid!(LinearRefinement) MinModLimiter,256,4,Float64,2.9961000000000003e-5,40.0,18.592703848336168
562fb67632441b6a0be5017ad86b36e8b2036fbc,false,2026-09-17T10:40:10+02:00,2026-09-17T10:40:30.538,iceshelf.fis.ucm.es,Intel(R) Xeon(R) W-2245 CPU @ 3.90GHz,NVIDIA RTX A4000,1.12.6,cuda,1,regrid!(LinearRefinement) MinModLimiter,1024,2,Float32,2.3828000000000003e-5,45.0,220.03021655195565
562fb67632441b6a0be5017ad86b36e8b2036fbc,false,2026-09-17T10:40:10+02:00,2026-09-17T10:40:30.538,iceshelf.fis.ucm.es,Intel(R) Xeon(R) W-2245 CPU @ 3.90GHz,NVIDIA RTX A4000,1.12.6,cuda,1,regrid!(LinearRefinement) MinModLimiter,1024,2,Float64,9.6692e-5,45.0,108.44495925205807
562fb67632441b6a0be5017ad86b36e8b2036fbc,false,2026-09-17T10:40:10+02:00,2026-09-17T10:40:30.538,iceshelf.fis.ucm.es,Intel(R) Xeon(R) W-2245 CPU @ 3.90GHz,NVIDIA RTX A4000,1.12.6,cuda,1,regrid!(LinearRefinement) MinModLimiter,1024,4,Float32,2.6888e-5,40.0,165.74114846771792
562fb67632441b6a0be5017ad86b36e8b2036fbc,false,2026-09-17T10:40:10+02:00,2026-09-17T10:40:30.538,iceshelf.fis.ucm.es,Intel(R) Xeon(R) W-2245 CPU @ 3.90GHz,NVIDIA RTX A4000,1.12.6,cuda,1,regrid!(LinearRefinement) MinModLimiter,1024,4,Float64,5.6460000000000005e-5,40.0,157.86213248317392
562fb67632441b6a0be5017ad86b36e8b2036fbc,false,2026-09-17T10:40:10+02:00,2026-09-17T10:40:30.538,iceshelf.fis.ucm.es,Intel(R) Xeon(R) W-2245 CPU @ 3.90GHz,NVIDIA RTX A4000,1.12.6,cuda,1,regrid!(LinearRefinement) MinModLimiter,4096,2,Float32,0.00023872900000000002,45.0,351.3862161697992
562fb67632441b6a0be5017ad86b36e8b2036fbc,false,2026-09-17T10:40:10+02:00,2026-09-17T10:40:30.538,iceshelf.fis.ucm.es,Intel(R) Xeon(R) W-2245 CPU @ 3.90GHz,NVIDIA RTX A4000,1.12.6,cuda,1,regrid!(LinearRefinement) MinModLimiter,4096,2,Float64,0.0013934070000000002,46.0,120.404275276355
562fb67632441b6a0be5017ad86b36e8b2036fbc,false,2026-09-17T10:40:10+02:00,2026-09-17T10:40:30.538,iceshelf.fis.ucm.es,Intel(R) Xeon(R) W-2245 CPU @ 3.90GHz,NVIDIA RTX A4000,1.12.6,cuda,1,regrid!(LinearRefinement) MinModLimiter,4096,4,Float32,0.000229125,45.0,311.1976781232952
562fb67632441b6a0be5017ad86b36e8b2036fbc,false,2026-09-17T10:40:10+02:00,2026-09-17T10:40:30.538,iceshelf.fis.ucm.es,Intel(R) Xeon(R) W-2245 CPU @ 3.90GHz,NVIDIA RTX A4000,1.12.6,cuda,1,regrid!(LinearRefinement) MinModLimiter,4096,4,Float64,0.0006273375,45.0,227.31996094606174
562fb67632441b6a0be5017ad86b36e8b2036fbc,false,2026-09-17T10:40:10+02:00,2026-09-17T10:40:30.538,iceshelf.fis.ucm.es,Intel(R) Xeon(R) W-2245 CPU @ 3.90GHz,NVIDIA RTX A4000,1.12.6,cuda,1,regrid!(BidirectionalRegridding) to coarse,256,2,Float32,9.818000000000002e-6,40.0,33.37543287838663
562fb67632441b6a0be5017ad86b36e8b2036fbc,false,2026-09-17T10:40:10+02:00,2026-09-17T10:40:30.538,iceshelf.fis.ucm.es,Intel(R) Xeon(R) W-2245 CPU @ 3.90GHz,NVIDIA RTX A4000,1.12.6,cuda,1,regrid!(BidirectionalRegridding) to fine,256,2,Float32,1.0267666666666668e-5,40.0,31.913774632341
562fb67632441b6a0be5017ad86b36e8b2036fbc,false,2026-09-17T10:40:10+02:00,2026-09-17T10:40:30.538,iceshelf.fis.ucm.es,Intel(R) Xeon(R) W-2245 CPU @ 3.90GHz,NVIDIA RTX A4000,1.12.6,cuda,1,regrid!(BidirectionalRegridding) to coarse,256,2,Float64,1.13965e-5,40.0,57.505374457070154
562fb67632441b6a0be5017ad86b36e8b2036fbc,false,2026-09-17T10:40:10+02:00,2026-09-17T10:40:30.538,iceshelf.fis.ucm.es,Intel(R) Xeon(R) W-2245 CPU @ 3.90GHz,NVIDIA RTX A4000,1.12.6,cuda,1,regrid!(BidirectionalRegridding) to fine,256,2,Float64,1.5662e-5,40.0,41.84395351806921
562fb67632441b6a0be5017ad86b36e8b2036fbc,false,2026-09-17T10:40:10+02:00,2026-09-17T10:40:30.538,iceshelf.fis.ucm.es,Intel(R) Xeon(R) W-2245 CPU @ 3.90GHz,NVIDIA RTX A4000,1.12.6,cuda,1,regrid!(BidirectionalRegridding) to coarse,256,4,Float32,1.0725500000000001e-5,40.0,25.968766024893945
562fb67632441b6a0be5017ad86b36e8b2036fbc,false,2026-09-17T10:40:10+02:00,2026-09-17T10:40:30.538,iceshelf.fis.ucm.es,Intel(R) Xeon(R) W-2245 CPU @ 3.90GHz,NVIDIA RTX A4000,1.12.6,cuda,1,regrid!(BidirectionalRegridding) to fine,256,4,Float32,1.4617e-5,40.0,19.055072860368064
562fb67632441b6a0be5017ad86b36e8b2036fbc,false,2026-09-17T10:40:10+02:00,2026-09-17T10:40:30.538,iceshelf.fis.ucm.es,Intel(R) Xeon(R) W-2245 CPU @ 3.90GHz,NVIDIA RTX A4000,1.12.6,cuda,1,regrid!(BidirectionalRegridding) to coarse,256,4,Float64,1.5503e-5,40.0,35.93214216603238
562fb67632441b6a0be5017ad86b36e8b2036fbc,false,2026-09-17T10:40:10+02:00,2026-09-17T10:40:30.538,iceshelf.fis.ucm.es,Intel(R) Xeon(R) W-2245 CPU @ 3.90GHz,NVIDIA RTX A4000,1.12.6,cuda,1,regrid!(BidirectionalRegridding) to fine,256,4,Float64,2.5240000000000002e-5,40.0,22.070364500792394
562fb67632441b6a0be5017ad86b36e8b2036fbc,false,2026-09-17T10:40:10+02:00,2026-09-17T10:40:30.538,iceshelf.fis.ucm.es,Intel(R) Xeon(R) W-2245 CPU @ 3.90GHz,NVIDIA RTX A4000,1.12.6,cuda,1,regrid!(BidirectionalRegridding) to coarse,1024,2,Float32,2.3246e-5,45.0,225.5390174653704
562fb67632441b6a0be5017ad86b36e8b2036fbc,false,2026-09-17T10:40:10+02:00,2026-09-17T10:40:30.538,iceshelf.fis.ucm.es,Intel(R) Xeon(R) W-2245 CPU @ 3.90GHz,NVIDIA RTX A4000,1.12.6,cuda,1,regrid!(BidirectionalRegridding) to fine,1024,2,Float32,2.3515e-5,45.0,222.9589623644482
562fb67632441b6a0be5017ad86b36e8b2036fbc,false,2026-09-17T10:40:10+02:00,2026-09-17T10:40:30.538,iceshelf.fis.ucm.es,Intel(R) Xeon(R) W-2245 CPU @ 3.90GHz,NVIDIA RTX A4000,1.12.6,cuda,1,regrid!(BidirectionalRegridding) to coarse,1024,2,Float64,3.7829e-5,45.0,277.18840043352986
562fb67632441b6a0be5017ad86b36e8b2036fbc,false,2026-09-17T10:40:10+02:00,2026-09-17T10:40:30.538,iceshelf.fis.ucm.es,Intel(R) Xeon(R) W-2245 CPU @ 3.90GHz,NVIDIA RTX A4000,1.12.6,cuda,1,regrid!(BidirectionalRegridding) to fine,1024,2,Float64,4.97615e-5,45.0,210.72033600273303
562fb67632441b6a0be5017ad86b36e8b2036fbc,false,2026-09-17T10:40:10+02:00,2026-09-17T10:40:30.538,iceshelf.fis.ucm.es,Intel(R) Xeon(R) W-2245 CPU @ 3.90GHz,NVIDIA RTX A4000,1.12.6,cuda,1,regrid!(BidirectionalRegridding) to coarse,1024,4,Float32,1.7756e-5,40.0,250.98265375084478
562fb67632441b6a0be5017ad86b36e8b2036fbc,false,2026-09-17T10:40:10+02:00,2026-09-17T10:40:30.538,iceshelf.fis.ucm.es,Intel(R) Xeon(R) W-2245 CPU @ 3.90GHz,NVIDIA RTX A4000,1.12.6,cuda,1,regrid!(BidirectionalRegridding) to fine,1024,4,Float32,2.5777e-5,40.0,172.88466462350155
562fb67632441b6a0be5017ad86b36e8b2036fbc,false,2026-09-17T10:40:10+02:00,2026-09-17T10:40:30.538,iceshelf.fis.ucm.es,Intel(R) Xeon(R) W-2245 CPU @ 3.90GHz,NVIDIA RTX A4000,1.12.6,cuda,1,regrid!(BidirectionalRegridding) to coarse,1024,4,Float64,3.6267000000000004e-5,40.0,245.75774119723164
562fb67632441b6a0be5017ad86b36e8b2036fbc,false,2026-09-17T10:40:10+02:00,2026-09-17T10:40:30.538,iceshelf.fis.ucm.es,Intel(R) Xeon(R) W-2245 CPU @ 3.90GHz,NVIDIA RTX A4000,1.12.6,cuda,1,regrid!(BidirectionalRegridding) to fine,1024,4,Float64,5.3878e-5,40.0,165.42737295371023
562fb67632441b6a0be5017ad86b36e8b2036fbc,false,2026-09-17T10:40:10+02:00,2026-09-17T10:40:30.538,iceshelf.fis.ucm.es,Intel(R) Xeon(R) W-2245 CPU @ 3.90GHz,NVIDIA RTX A4000,1.12.6,cuda,1,regrid!(BidirectionalRegridding) to coarse,4096,2,Float32,0.000232548,45.0,360.7258716480038
562fb67632441b6a0be5017ad86b36e8b2036fbc,false,2026-09-17T10:40:10+02:00,2026-09-17T10:40:30.538,iceshelf.fis.ucm.es,Intel(R) Xeon(R) W-2245 CPU @ 3.90GHz,NVIDIA RTX A4000,1.12.6,cuda,1,regrid!(BidirectionalRegridding) to fine,4096,2,Float32,0.00023950350000000002,45.0,350.24991284052214
562fb67632441b6a0be5017ad86b36e8b2036fbc,false,2026-09-17T10:40:10+02:00,2026-09-17T10:40:30.538,iceshelf.fis.ucm.es,Intel(R) Xeon(R) W-2245 CPU @ 3.90GHz,NVIDIA RTX A4000,1.12.6,cuda,1,regrid!(BidirectionalRegridding) to coarse,4096,2,Float64,0.00045581450000000003,45.0,368.0711342004258
562fb67632441b6a0be5017ad86b36e8b2036fbc,false,2026-09-17T10:40:10+02:00,2026-09-17T10:40:30.538,iceshelf.fis.ucm.es,Intel(R) Xeon(R) W-2245 CPU @ 3.90GHz,NVIDIA RTX A4000,1.12.6,cuda,1,regrid!(BidirectionalRegridding) to fine,4096,2,Float64,0.000733493,45.0,228.73041733186272
562fb67632441b6a0be5017ad86b36e8b2036fbc,false,2026-09-17T10:40:10+02:00,2026-09-17T10:40:30.538,iceshelf.fis.ucm.es,Intel(R) Xeon(R) W-2245 CPU @ 3.90GHz,NVIDIA RTX A4000,1.12.6,cuda,1,regrid!(BidirectionalRegridding) to coarse,4096,4,Float32,0.000199673,45.0,357.09969800624015
562fb67632441b6a0be5017ad86b36e8b2036fbc,false,2026-09-17T10:40:10+02:00,2026-09-17T10:40:30.538,iceshelf.fis.ucm.es,Intel(R) Xeon(R) W-2245 CPU @ 3.90GHz,NVIDIA RTX A4000,1.12.6,cuda,1,regrid!(BidirectionalRegridding) to fine,4096,4,Float32,0.000234265,45.0,304.3697009796598
562fb67632441b6a0be5017ad86b36e8b2036fbc,false,2026-09-17T10:40:10+02:00,2026-09-17T10:40:30.538,iceshelf.fis.ucm.es,Intel(R) Xeon(R) W-2245 CPU @ 3.90GHz,NVIDIA RTX A4000,1.12.6,cuda,1,regrid!(BidirectionalRegridding) to coarse,4096,4,Float64,0.00040405400000000005,45.0,352.93880520920465
562fb67632441b6a0be5017ad86b36e8b2036fbc,false,2026-09-17T10:40:10+02:00,2026-09-17T10:40:30.538,iceshelf.fis.ucm.es,Intel(R) Xeon(R) W-2245 CPU @ 3.90GHz,NVIDIA RTX A4000,1.12.6,cuda,1,regrid!(BidirectionalRegridding) to fine,4096,4,Float64,0.000606272,45.0,235.21841021851577
